Date,Time,Values
01/02/2011,13:00:00,28.25
01/02/2011,14:00:00,28.00
01/02/2011,15:00:00,27.50
01/02/2011,16:00:00,29.75
01/02/2011,17:00:00,24.00
01/02/2011,18:00:00,8.00
01/02/2011,19:00:00,4.00
01/02/2011,20:00:00,4.00
01/02/2011,21:00:00,4.00
01/02/2011,22:00:00,4.00
01/02/2011,23:00:00,4.00
02/02/2011,00:00:00,4.00
02/02/2011,01:00:00,4.00
02/02/2011,02:00:00,4.00
02/02/2011,03:00:00,4.00
02/02/2011,04:00:00,4.00
02/02/2011,05:00:00,4.00
02/02/2011,06:00:00,4.00
02/02/2011,07:00:00,4.00
02/02/2011,08:00:00,4.00
02/02/2011,09:00:00,4.75
02/02/2011,10:00:00,11.00
02/02/2011,11:00:00,16.75
02/02/2011,12:00:00,21.75
02/02/2011,13:00:00,23.00
02/02/2011,14:00:00,26.75
02/02/2011,15:00:00,25.25
02/02/2011,16:00:00,22.50
02/02/2011,17:00:00,17.25
02/02/2011,18:00:00,4.25
02/02/2011,19:00:00,4.00
02/02/2011,20:00:00,4.00
02/02/2011,21:00:00,4.00
02/02/2011,22:00:00,4.00
02/02/2011,23:00:00,4.00
03/02/2011,00:00:00,4.00
03/02/2011,01:00:00,4.00
03/02/2011,02:00:00,4.00
03/02/2011,03:00:00,4.00
03/02/2011,04:00:00,4.00
03/02/2011,05:00:00,4.00
03/02/2011,06:00:00,4.00
03/02/2011,07:00:00,4.25
03/02/2011,08:00:00,4.00
03/02/2011,09:00:00,4.00
03/02/2011,10:00:00,4.00
03/02/2011,11:00:00,5.50
03/02/2011,12:00:00,13.00
03/02/2011,13:00:00,25.75
03/02/2011,14:00:00,26.75
03/02/2011,15:00:00,20.75
03/02/2011,16:00:00,18.00
03/02/2011,17:00:00,13.75
03/02/2011,18:00:00,4.00
03/02/2011,19:00:00,4.00
03/02/2011,20:00:00,4.00
03/02/2011,21:00:00,4.00
03/02/2011,22:00:00,4.00
03/02/2011,23:00:00,4.00
04/02/2011,00:00:00,4.00
04/02/2011,01:00:00,4.00
04/02/2011,02:00:00,4.00
04/02/2011,03:00:00,4.00
04/02/2011,04:00:00,4.00
04/02/2011,05:00:00,4.00
04/02/2011,06:00:00,4.00
04/02/2011,07:00:00,4.00
04/02/2011,08:00:00,4.00
04/02/2011,09:00:00,4.00
04/02/2011,10:00:00,4.00
04/02/2011,11:00:00,4.50
04/02/2011,12:00:00,6.25
04/02/2011,13:00:00,6.50
04/02/2011,14:00:00,6.25
04/02/2011,15:00:00,5.50
04/02/2011,16:00:00,5.25
04/02/2011,17:00:00,4.00
04/02/2011,18:00:00,4.00
04/02/2011,19:00:00,4.00
04/02/2011,20:00:00,4.00
04/02/2011,21:00:00,4.00
04/02/2011,22:00:00,4.00
04/02/2011,23:00:00,4.00
05/02/2011,00:00:00,4.00
05/02/2011,01:00:00,4.00
05/02/2011,02:00:00,4.00
05/02/2011,03:00:00,4.00
05/02/2011,04:00:00,4.00
05/02/2011,05:00:00,4.00
05/02/2011,06:00:00,4.00
05/02/2011,07:00:00,4.00
05/02/2011,08:00:00,4.00
05/02/2011,09:00:00,4.00
05/02/2011,10:00:00,4.00
05/02/2011,11:00:00,4.00
05/02/2011,12:00:00,4.00
05/02/2011,13:00:00,4.00
05/02/2011,14:00:00,4.75
05/02/2011,15:00:00,4.00
05/02/2011,16:00:00,4.00
05/02/2011,17:00:00,4.00
05/02/2011,18:00:00,4.00
05/02/2011,19:00:00,4.00
05/02/2011,20:00:00,4.00
05/02/2011,21:00:00,4.00
05/02/2011,22:00:00,4.00
05/02/2011,23:00:00,4.00
06/02/2011,00:00:00,4.00
06/02/2011,01:00:00,4.00
06/02/2011,02:00:00,4.00
06/02/2011,03:00:00,4.00
06/02/2011,04:00:00,4.00
06/02/2011,05:00:00,4.00
06/02/2011,06:00:00,4.00
06/02/2011,07:00:00,4.00
06/02/2011,08:00:00,4.00
06/02/2011,09:00:00,4.00
06/02/2011,10:00:00,4.00
06/02/2011,11:00:00,4.00
06/02/2011,12:00:00,4.00
06/02/2011,13:00:00,4.00
06/02/2011,14:00:00,6.25
06/02/2011,15:00:00,4.25
06/02/2011,16:00:00,5.25
06/02/2011,17:00:00,4.00
06/02/2011,18:00:00,4.00
06/02/2011,19:00:00,4.00
06/02/2011,20:00:00,4.00
06/02/2011,21:00:00,4.00
06/02/2011,22:00:00,4.00
06/02/2011,23:00:00,4.00
07/02/2011,00:00:00,4.00
07/02/2011,01:00:00,4.00
07/02/2011,02:00:00,4.00
07/02/2011,03:00:00,4.00
07/02/2011,04:00:00,4.25
07/02/2011,05:00:00,4.25
07/02/2011,06:00:00,4.00
07/02/2011,07:00:00,4.00
07/02/2011,08:00:00,4.00
07/02/2011,09:00:00,4.00
07/02/2011,10:00:00,4.00
07/02/2011,11:00:00,4.00
07/02/2011,12:00:00,4.00
07/02/2011,13:00:00,4.00
07/02/2011,14:00:00,4.00
07/02/2011,15:00:00,4.00
07/02/2011,16:00:00,4.00
07/02/2011,17:00:00,4.00
07/02/2011,18:00:00,4.00
07/02/2011,19:00:00,4.00
07/02/2011,20:00:00,4.00
07/02/2011,21:00:00,4.00
07/02/2011,22:00:00,4.00
07/02/2011,23:00:00,4.00
08/02/2011,00:00:00,4.00
08/02/2011,01:00:00,4.00
08/02/2011,02:00:00,4.00
08/02/2011,03:00:00,4.00
08/02/2011,04:00:00,4.00
08/02/2011,05:00:00,4.00
08/02/2011,06:00:00,4.00
08/02/2011,07:00:00,4.00
08/02/2011,08:00:00,4.00
08/02/2011,09:00:00,4.00
08/02/2011,10:00:00,4.00
08/02/2011,11:00:00,4.00
08/02/2011,12:00:00,9.50
08/02/2011,13:00:00,12.50
08/02/2011,14:00:00,11.75
08/02/2011,15:00:00,11.50
08/02/2011,16:00:00,11.00
08/02/2011,17:00:00,11.00
08/02/2011,18:00:00,8.75
08/02/2011,19:00:00,5.25
08/02/2011,20:00:00,4.00
08/02/2011,21:00:00,4.00
08/02/2011,22:00:00,4.00
08/02/2011,23:00:00,4.00
09/02/2011,00:00:00,4.00
09/02/2011,01:00:00,4.25
09/02/2011,02:00:00,6.50
09/02/2011,03:00:00,8.50
09/02/2011,04:00:00,9.00
09/02/2011,05:00:00,13.00
09/02/2011,06:00:00,10.75
09/02/2011,07:00:00,4.50
09/02/2011,08:00:00,4.00
09/02/2011,09:00:00,9.75
09/02/2011,10:00:00,19.00
09/02/2011,11:00:00,23.00
09/02/2011,12:00:00,20.75
09/02/2011,13:00:00,20.75
09/02/2011,14:00:00,21.50
09/02/2011,15:00:00,19.00
09/02/2011,16:00:00,17.75
09/02/2011,17:00:00,17.50
09/02/2011,18:00:00,10.00
09/02/2011,19:00:00,4.00
09/02/2011,20:00:00,4.00
09/02/2011,21:00:00,4.00
09/02/2011,22:00:00,4.00
09/02/2011,23:00:00,4.00
10/02/2011,00:00:00,4.00
10/02/2011,01:00:00,4.00
10/02/2011,02:00:00,4.00
10/02/2011,03:00:00,4.00
10/02/2011,04:00:00,4.00
10/02/2011,05:00:00,4.00
10/02/2011,06:00:00,4.00
10/02/2011,07:00:00,4.00
10/02/2011,08:00:00,4.00
10/02/2011,09:00:00,4.00
10/02/2011,10:00:00,9.25
10/02/2011,11:00:00,20.00
10/02/2011,12:00:00,19.75
10/02/2011,13:00:00,19.50
10/02/2011,14:00:00,17.00
10/02/2011,15:00:00,18.00
10/02/2011,16:00:00,15.00
10/02/2011,17:00:00,15.75
10/02/2011,18:00:00,4.75
10/02/2011,19:00:00,4.00
10/02/2011,20:00:00,4.00
10/02/2011,21:00:00,4.00
10/02/2011,22:00:00,4.00
10/02/2011,23:00:00,4.00
11/02/2011,00:00:00,4.00
11/02/2011,01:00:00,4.00
11/02/2011,02:00:00,4.00
11/02/2011,03:00:00,4.00
11/02/2011,04:00:00,4.00
11/02/2011,05:00:00,4.00
11/02/2011,06:00:00,4.00
11/02/2011,07:00:00,4.00
11/02/2011,08:00:00,4.00
11/02/2011,09:00:00,4.00
11/02/2011,10:00:00,7.00
11/02/2011,11:00:00,16.00
11/02/2011,12:00:00,19.25
11/02/2011,13:00:00,17.75
11/02/2011,14:00:00,16.75
11/02/2011,15:00:00,19.50
11/02/2011,16:00:00,18.50
11/02/2011,17:00:00,13.00
11/02/2011,18:00:00,8.25
11/02/2011,19:00:00,4.00
11/02/2011,20:00:00,4.00
11/02/2011,21:00:00,4.00
11/02/2011,22:00:00,4.00
11/02/2011,23:00:00,4.00
12/02/2011,00:00:00,6.25
12/02/2011,01:00:00,5.50
12/02/2011,02:00:00,4.00
12/02/2011,03:00:00,4.00
12/02/2011,04:00:00,7.00
12/02/2011,05:00:00,9.00
12/02/2011,06:00:00,11.75
12/02/2011,07:00:00,6.75
12/02/2011,08:00:00,5.00
12/02/2011,09:00:00,6.75
12/02/2011,10:00:00,10.25
12/02/2011,11:00:00,12.50
12/02/2011,12:00:00,15.75
12/02/2011,13:00:00,14.25
12/02/2011,14:00:00,12.75
12/02/2011,15:00:00,7.75
12/02/2011,16:00:00,8.50
12/02/2011,17:00:00,4.75
12/02/2011,18:00:00,4.00
12/02/2011,19:00:00,4.00
12/02/2011,20:00:00,4.00
12/02/2011,21:00:00,4.00
12/02/2011,22:00:00,4.00
12/02/2011,23:00:00,4.00
13/02/2011,00:00:00,4.00
13/02/2011,01:00:00,4.00
13/02/2011,02:00:00,4.00
13/02/2011,03:00:00,4.00
13/02/2011,04:00:00,4.00
13/02/2011,05:00:00,4.00
13/02/2011,06:00:00,4.00
13/02/2011,07:00:00,4.00
13/02/2011,08:00:00,4.00
13/02/2011,09:00:00,4.00
13/02/2011,10:00:00,4.00
13/02/2011,11:00:00,4.00
13/02/2011,12:00:00,4.00
13/02/2011,13:00:00,4.25
13/02/2011,14:00:00,5.75
13/02/2011,15:00:00,8.50
13/02/2011,16:00:00,6.75
13/02/2011,17:00:00,5.25
13/02/2011,18:00:00,4.00
13/02/2011,19:00:00,4.00
13/02/2011,20:00:00,4.00
13/02/2011,21:00:00,4.00
13/02/2011,22:00:00,4.00
13/02/2011,23:00:00,4.00
14/02/2011,00:00:00,4.00
14/02/2011,01:00:00,4.00
14/02/2011,02:00:00,6.25
14/02/2011,03:00:00,6.00
14/02/2011,04:00:00,9.00
14/02/2011,05:00:00,10.75
14/02/2011,06:00:00,9.50
14/02/2011,07:00:00,4.50
14/02/2011,08:00:00,5.50
14/02/2011,09:00:00,4.25
14/02/2011,10:00:00,4.75
14/02/2011,11:00:00,8.00
14/02/2011,12:00:00,7.00
14/02/2011,13:00:00,10.75
14/02/2011,14:00:00,9.25
14/02/2011,15:00:00,6.00
14/02/2011,16:00:00,8.00
14/02/2011,17:00:00,4.25
14/02/2011,18:00:00,4.00
14/02/2011,19:00:00,4.00
14/02/2011,20:00:00,4.00
14/02/2011,21:00:00,4.25
14/02/2011,22:00:00,4.00
14/02/2011,23:00:00,4.00
15/02/2011,00:00:00,4.00
15/02/2011,01:00:00,4.00
15/02/2011,02:00:00,4.00
15/02/2011,03:00:00,4.00
15/02/2011,04:00:00,4.00
15/02/2011,05:00:00,4.00
15/02/2011,06:00:00,4.00
15/02/2011,07:00:00,4.00
15/02/2011,08:00:00,4.00
15/02/2011,09:00:00,4.00
15/02/2011,10:00:00,6.50
15/02/2011,11:00:00,7.50
15/02/2011,12:00:00,4.25
15/02/2011,13:00:00,4.25
15/02/2011,14:00:00,4.00
15/02/2011,15:00:00,4.25
15/02/2011,16:00:00,4.50
15/02/2011,17:00:00,4.00
15/02/2011,18:00:00,4.00
15/02/2011,19:00:00,4.00
15/02/2011,20:00:00,4.00
15/02/2011,21:00:00,4.00
15/02/2011,22:00:00,4.00
15/02/2011,23:00:00,4.00
16/02/2011,00:00:00,4.50
16/02/2011,01:00:00,4.00
16/02/2011,02:00:00,4.00
16/02/2011,03:00:00,4.00
16/02/2011,04:00:00,4.00
16/02/2011,05:00:00,4.00
16/02/2011,06:00:00,4.00
16/02/2011,07:00:00,4.00
16/02/2011,08:00:00,4.00
16/02/2011,09:00:00,4.00
16/02/2011,10:00:00,4.00
16/02/2011,11:00:00,4.75
16/02/2011,12:00:00,8.00
16/02/2011,13:00:00,5.25
16/02/2011,14:00:00,4.00
16/02/2011,15:00:00,4.00
16/02/2011,16:00:00,4.00
16/02/2011,17:00:00,4.00
16/02/2011,18:00:00,4.00
16/02/2011,19:00:00,4.00
16/02/2011,20:00:00,4.00
16/02/2011,21:00:00,4.00
16/02/2011,22:00:00,4.00
16/02/2011,23:00:00,4.00
17/02/2011,00:00:00,4.00
17/02/2011,01:00:00,4.00
17/02/2011,02:00:00,4.00
17/02/2011,03:00:00,4.00
17/02/2011,04:00:00,4.00
17/02/2011,05:00:00,4.00
17/02/2011,06:00:00,4.00
17/02/2011,07:00:00,4.00
17/02/2011,08:00:00,4.00
17/02/2011,09:00:00,4.00
17/02/2011,10:00:00,4.00
17/02/2011,11:00:00,4.00
17/02/2011,12:00:00,7.25
17/02/2011,13:00:00,16.50
17/02/2011,14:00:00,18.50
17/02/2011,15:00:00,18.25
17/02/2011,16:00:00,18.75
17/02/2011,17:00:00,19.50
17/02/2011,18:00:00,6.50
17/02/2011,19:00:00,4.00
17/02/2011,20:00:00,4.00
17/02/2011,21:00:00,4.00
17/02/2011,22:00:00,4.00
17/02/2011,23:00:00,4.00
18/02/2011,00:00:00,4.00
18/02/2011,01:00:00,4.00
18/02/2011,02:00:00,4.00
18/02/2011,03:00:00,4.00
18/02/2011,04:00:00,4.00
18/02/2011,05:00:00,4.00
18/02/2011,06:00:00,4.00
18/02/2011,07:00:00,4.00
18/02/2011,08:00:00,4.00
18/02/2011,09:00:00,4.00
18/02/2011,10:00:00,6.50
18/02/2011,11:00:00,20.50
18/02/2011,12:00:00,24.25
18/02/2011,13:00:00,24.75
18/02/2011,14:00:00,26.75
18/02/2011,15:00:00,26.25
18/02/2011,16:00:00,24.25
18/02/2011,17:00:00,24.50
18/02/2011,18:00:00,14.50
18/02/2011,19:00:00,4.00
18/02/2011,20:00:00,4.00
18/02/2011,21:00:00,4.00
18/02/2011,22:00:00,4.00
18/02/2011,23:00:00,4.00
19/02/2011,00:00:00,4.00
19/02/2011,01:00:00,4.00
19/02/2011,02:00:00,4.00
19/02/2011,03:00:00,4.00
19/02/2011,04:00:00,4.00
19/02/2011,05:00:00,4.00
19/02/2011,06:00:00,4.00
19/02/2011,07:00:00,4.00
19/02/2011,08:00:00,4.00
19/02/2011,09:00:00,4.00
19/02/2011,10:00:00,5.00
19/02/2011,11:00:00,13.50
19/02/2011,12:00:00,31.25
19/02/2011,13:00:00,33.50
19/02/2011,14:00:00,34.75
19/02/2011,15:00:00,32.25
19/02/2011,16:00:00,27.50
19/02/2011,17:00:00,19.75
19/02/2011,18:00:00,6.25
19/02/2011,19:00:00,4.00
19/02/2011,20:00:00,4.00
19/02/2011,21:00:00,4.00
19/02/2011,22:00:00,4.00
19/02/2011,23:00:00,4.00
20/02/2011,00:00:00,4.00
20/02/2011,01:00:00,4.00
20/02/2011,02:00:00,4.00
20/02/2011,03:00:00,4.00
20/02/2011,04:00:00,4.00
20/02/2011,05:00:00,4.00
20/02/2011,06:00:00,4.00
20/02/2011,07:00:00,4.00
20/02/2011,08:00:00,4.00
20/02/2011,09:00:00,4.00
20/02/2011,10:00:00,4.00
20/02/2011,11:00:00,4.00
20/02/2011,12:00:00,4.00
20/02/2011,13:00:00,4.00
20/02/2011,14:00:00,4.25
20/02/2011,15:00:00,4.75
20/02/2011,16:00:00,15.75
20/02/2011,17:00:00,17.50
20/02/2011,18:00:00,10.75
20/02/2011,19:00:00,4.25
20/02/2011,20:00:00,6.50
20/02/2011,21:00:00,4.25
20/02/2011,22:00:00,4.00
20/02/2011,23:00:00,4.50
21/02/2011,00:00:00,6.75
21/02/2011,01:00:00,6.00
21/02/2011,02:00:00,4.00
21/02/2011,03:00:00,4.00
21/02/2011,04:00:00,4.00
21/02/2011,05:00:00,4.00
21/02/2011,06:00:00,4.00
21/02/2011,07:00:00,4.00
21/02/2011,08:00:00,4.00
21/02/2011,09:00:00,4.00
21/02/2011,10:00:00,4.75
21/02/2011,11:00:00,12.00
21/02/2011,12:00:00,19.75
21/02/2011,13:00:00,25.50
21/02/2011,14:00:00,25.00
21/02/2011,15:00:00,26.00
21/02/2011,16:00:00,21.25
21/02/2011,17:00:00,16.75
21/02/2011,18:00:00,6.25
21/02/2011,19:00:00,4.00
21/02/2011,20:00:00,4.00
21/02/2011,21:00:00,4.00
21/02/2011,22:00:00,4.00
21/02/2011,23:00:00,4.00
22/02/2011,00:00:00,4.00
22/02/2011,01:00:00,4.00
22/02/2011,02:00:00,4.00
22/02/2011,03:00:00,4.00
22/02/2011,04:00:00,4.00
22/02/2011,05:00:00,4.00
22/02/2011,06:00:00,4.00
22/02/2011,07:00:00,4.00
22/02/2011,08:00:00,4.00
22/02/2011,09:00:00,4.00
22/02/2011,10:00:00,5.25
22/02/2011,11:00:00,10.75
22/02/2011,12:00:00,17.25
22/02/2011,13:00:00,18.25
22/02/2011,14:00:00,26.00
22/02/2011,15:00:00,20.25
22/02/2011,16:00:00,25.25
22/02/2011,17:00:00,19.25
22/02/2011,18:00:00,7.25
22/02/2011,19:00:00,4.00
22/02/2011,20:00:00,4.00
22/02/2011,21:00:00,4.00
22/02/2011,22:00:00,4.00
22/02/2011,23:00:00,4.00
23/02/2011,00:00:00,4.00
23/02/2011,01:00:00,4.00
23/02/2011,02:00:00,4.00
23/02/2011,03:00:00,4.00
23/02/2011,04:00:00,4.00
23/02/2011,05:00:00,4.00
23/02/2011,06:00:00,4.00
23/02/2011,07:00:00,4.00
23/02/2011,08:00:00,4.00
23/02/2011,09:00:00,4.00
23/02/2011,10:00:00,4.00
23/02/2011,11:00:00,5.00
23/02/2011,12:00:00,10.00
23/02/2011,13:00:00,12.50
23/02/2011,14:00:00,13.75
23/02/2011,15:00:00,11.75
23/02/2011,16:00:00,9.25
23/02/2011,17:00:00,5.25
23/02/2011,18:00:00,4.00
23/02/2011,19:00:00,4.00
23/02/2011,20:00:00,4.00
23/02/2011,21:00:00,4.00
23/02/2011,22:00:00,4.00
23/02/2011,23:00:00,4.00
24/02/2011,00:00:00,4.00
24/02/2011,01:00:00,4.00
24/02/2011,02:00:00,4.00
24/02/2011,03:00:00,4.00
24/02/2011,04:00:00,4.00
24/02/2011,05:00:00,4.00
24/02/2011,06:00:00,4.00
24/02/2011,07:00:00,4.00
24/02/2011,08:00:00,4.00
24/02/2011,09:00:00,4.00
24/02/2011,10:00:00,4.00
24/02/2011,11:00:00,4.00
24/02/2011,12:00:00,8.50
24/02/2011,13:00:00,13.50
24/02/2011,14:00:00,12.25
24/02/2011,15:00:00,11.25
24/02/2011,16:00:00,9.75
24/02/2011,17:00:00,6.75
24/02/2011,18:00:00,4.00
24/02/2011,19:00:00,4.00
24/02/2011,20:00:00,4.00
24/02/2011,21:00:00,4.00
24/02/2011,22:00:00,4.00
24/02/2011,23:00:00,4.00
25/02/2011,00:00:00,4.00
25/02/2011,01:00:00,4.00
25/02/2011,02:00:00,4.00
25/02/2011,03:00:00,4.00
25/02/2011,04:00:00,4.00
25/02/2011,05:00:00,4.00
25/02/2011,06:00:00,4.00
25/02/2011,07:00:00,4.00
25/02/2011,08:00:00,4.00
25/02/2011,09:00:00,4.00
25/02/2011,10:00:00,4.00
25/02/2011,11:00:00,6.25
25/02/2011,12:00:00,9.75
25/02/2011,13:00:00,13.25
25/02/2011,14:00:00,14.50
25/02/2011,15:00:00,11.50
25/02/2011,16:00:00,14.50
25/02/2011,17:00:00,11.50
25/02/2011,18:00:00,4.75
25/02/2011,19:00:00,4.00
25/02/2011,20:00:00,4.00
25/02/2011,21:00:00,4.00
25/02/2011,22:00:00,4.00
25/02/2011,23:00:00,4.00
26/02/2011,00:00:00,4.00
26/02/2011,01:00:00,4.00
26/02/2011,02:00:00,4.00
26/02/2011,03:00:00,5.00
26/02/2011,04:00:00,10.25
26/02/2011,05:00:00,11.00
26/02/2011,06:00:00,10.50
26/02/2011,07:00:00,6.00
26/02/2011,08:00:00,4.25
26/02/2011,09:00:00,6.00
26/02/2011,10:00:00,7.75
26/02/2011,11:00:00,8.25
26/02/2011,12:00:00,12.50
26/02/2011,13:00:00,14.00
26/02/2011,14:00:00,17.50
26/02/2011,15:00:00,17.75
26/02/2011,16:00:00,13.75
26/02/2011,17:00:00,16.50
26/02/2011,18:00:00,8.00
26/02/2011,19:00:00,4.00
26/02/2011,20:00:00,4.00
26/02/2011,21:00:00,4.00
26/02/2011,22:00:00,4.00
26/02/2011,23:00:00,4.00
27/02/2011,00:00:00,4.00
27/02/2011,01:00:00,4.00
27/02/2011,02:00:00,4.00
27/02/2011,03:00:00,4.00
27/02/2011,04:00:00,4.00
27/02/2011,05:00:00,4.00
27/02/2011,06:00:00,4.00
27/02/2011,07:00:00,4.00
27/02/2011,08:00:00,4.00
27/02/2011,09:00:00,5.75
27/02/2011,10:00:00,15.50
27/02/2011,11:00:00,22.50
27/02/2011,12:00:00,28.75
27/02/2011,13:00:00,33.00
27/02/2011,14:00:00,28.50
27/02/2011,15:00:00,23.50
27/02/2011,16:00:00,24.50
27/02/2011,17:00:00,19.00
27/02/2011,18:00:00,12.00
27/02/2011,19:00:00,4.25
27/02/2011,20:00:00,4.00
27/02/2011,21:00:00,4.00
27/02/2011,22:00:00,4.00
27/02/2011,23:00:00,4.25
28/02/2011,00:00:00,10.75
28/02/2011,01:00:00,8.75
28/02/2011,02:00:00,15.75
28/02/2011,03:00:00,17.25
28/02/2011,04:00:00,5.00
28/02/2011,05:00:00,4.00
28/02/2011,06:00:00,4.00
28/02/2011,07:00:00,4.00
28/02/2011,08:00:00,4.00
28/02/2011,09:00:00,5.25
28/02/2011,10:00:00,11.25
28/02/2011,11:00:00,17.25
28/02/2011,12:00:00,21.75
28/02/2011,13:00:00,22.75
28/02/2011,14:00:00,22.00
28/02/2011,15:00:00,23.00
28/02/2011,16:00:00,23.25
28/02/2011,17:00:00,19.00
28/02/2011,18:00:00,5.50
28/02/2011,19:00:00,4.00
28/02/2011,20:00:00,4.00
28/02/2011,21:00:00,4.00
28/02/2011,22:00:00,4.00
28/02/2011,23:00:00,4.00
01/03/2011,00:00:00,8.00
01/03/2011,01:00:00,11.75
01/03/2011,02:00:00,13.25
01/03/2011,03:00:00,9.00
01/03/2011,04:00:00,4.00
01/03/2011,05:00:00,4.00
01/03/2011,06:00:00,4.00
01/03/2011,07:00:00,4.00
01/03/2011,08:00:00,4.00
01/03/2011,09:00:00,4.00
01/03/2011,10:00:00,4.00
01/03/2011,11:00:00,6.00
01/03/2011,12:00:00,9.75
01/03/2011,13:00:00,8.25
01/03/2011,14:00:00,8.50
01/03/2011,15:00:00,7.75
01/03/2011,16:00:00,6.50
01/03/2011,17:00:00,4.75
01/03/2011,18:00:00,4.00
01/03/2011,19:00:00,4.00
01/03/2011,20:00:00,4.00
01/03/2011,21:00:00,4.00
01/03/2011,22:00:00,4.00
01/03/2011,23:00:00,4.00
02/03/2011,00:00:00,4.00
02/03/2011,01:00:00,4.00
02/03/2011,02:00:00,4.00
02/03/2011,03:00:00,4.00
02/03/2011,04:00:00,4.00
02/03/2011,05:00:00,4.00
02/03/2011,06:00:00,4.00
02/03/2011,07:00:00,4.00
02/03/2011,08:00:00,4.00
02/03/2011,09:00:00,4.00
02/03/2011,10:00:00,4.00
02/03/2011,11:00:00,4.00
02/03/2011,12:00:00,4.00
02/03/2011,13:00:00,4.00
02/03/2011,14:00:00,4.00
02/03/2011,15:00:00,4.50
02/03/2011,16:00:00,6.00
02/03/2011,17:00:00,4.25
02/03/2011,18:00:00,4.00
02/03/2011,19:00:00,4.00
02/03/2011,20:00:00,4.00
02/03/2011,21:00:00,4.00
02/03/2011,22:00:00,4.00
02/03/2011,23:00:00,4.00
03/03/2011,00:00:00,4.00
03/03/2011,01:00:00,4.00
03/03/2011,02:00:00,4.00
03/03/2011,03:00:00,4.00
03/03/2011,04:00:00,4.00
03/03/2011,05:00:00,4.00
03/03/2011,06:00:00,4.00
03/03/2011,07:00:00,4.00
03/03/2011,08:00:00,4.00
03/03/2011,09:00:00,4.00
03/03/2011,10:00:00,4.00
03/03/2011,11:00:00,4.00
03/03/2011,12:00:00,4.00
03/03/2011,13:00:00,4.00
03/03/2011,14:00:00,4.00
03/03/2011,15:00:00,4.00
03/03/2011,16:00:00,4.00
03/03/2011,17:00:00,4.00
03/03/2011,18:00:00,4.00
03/03/2011,19:00:00,4.00
03/03/2011,20:00:00,4.00
03/03/2011,21:00:00,4.00
03/03/2011,22:00:00,4.00
03/03/2011,23:00:00,4.00
04/03/2011,00:00:00,4.00
04/03/2011,01:00:00,4.00
04/03/2011,02:00:00,4.00
04/03/2011,03:00:00,4.00
04/03/2011,04:00:00,4.00
04/03/2011,05:00:00,4.00
04/03/2011,06:00:00,4.00
04/03/2011,07:00:00,4.00
04/03/2011,08:00:00,4.00
04/03/2011,09:00:00,4.00
04/03/2011,10:00:00,4.00
04/03/2011,11:00:00,4.00
04/03/2011,12:00:00,4.00
04/03/2011,13:00:00,5.50
04/03/2011,14:00:00,7.75
04/03/2011,15:00:00,9.75
04/03/2011,16:00:00,7.75
04/03/2011,17:00:00,5.25
04/03/2011,18:00:00,4.00
04/03/2011,19:00:00,4.00
04/03/2011,20:00:00,4.00
04/03/2011,21:00:00,4.00
04/03/2011,22:00:00,4.00
04/03/2011,23:00:00,4.00
05/03/2011,00:00:00,4.00
05/03/2011,01:00:00,4.00
05/03/2011,02:00:00,4.00
05/03/2011,03:00:00,4.00
05/03/2011,04:00:00,4.00
05/03/2011,05:00:00,4.00
05/03/2011,06:00:00,4.00
05/03/2011,07:00:00,4.00
05/03/2011,08:00:00,4.00
05/03/2011,09:00:00,4.00
05/03/2011,10:00:00,6.00
05/03/2011,11:00:00,11.00
05/03/2011,12:00:00,13.50
05/03/2011,13:00:00,14.00
05/03/2011,14:00:00,15.25
05/03/2011,15:00:00,9.00
05/03/2011,16:00:00,7.75
05/03/2011,17:00:00,7.75
05/03/2011,18:00:00,5.75
05/03/2011,19:00:00,4.00
05/03/2011,20:00:00,4.00
05/03/2011,21:00:00,4.00
05/03/2011,22:00:00,4.00
05/03/2011,23:00:00,4.00
06/03/2011,00:00:00,4.00
06/03/2011,01:00:00,4.00
06/03/2011,02:00:00,4.00
06/03/2011,03:00:00,4.00
06/03/2011,04:00:00,4.00
06/03/2011,05:00:00,4.00
06/03/2011,06:00:00,4.00
06/03/2011,07:00:00,4.00
06/03/2011,08:00:00,4.00
06/03/2011,09:00:00,4.00
06/03/2011,10:00:00,5.50
06/03/2011,11:00:00,11.75
06/03/2011,12:00:00,14.00
06/03/2011,13:00:00,13.00
06/03/2011,14:00:00,11.75
06/03/2011,15:00:00,11.75
06/03/2011,16:00:00,11.25
06/03/2011,17:00:00,11.50
06/03/2011,18:00:00,8.25
06/03/2011,19:00:00,4.50
06/03/2011,20:00:00,4.00
06/03/2011,21:00:00,4.00
06/03/2011,22:00:00,4.50
06/03/2011,23:00:00,4.75
07/03/2011,00:00:00,7.50
07/03/2011,01:00:00,10.00
07/03/2011,02:00:00,11.50
07/03/2011,03:00:00,17.50
07/03/2011,04:00:00,18.25
07/03/2011,05:00:00,16.00
07/03/2011,06:00:00,12.25
07/03/2011,07:00:00,6.25
07/03/2011,08:00:00,4.75
07/03/2011,09:00:00,12.00
07/03/2011,10:00:00,17.50
07/03/2011,11:00:00,18.25
07/03/2011,12:00:00,14.00
07/03/2011,13:00:00,13.50
07/03/2011,14:00:00,13.00
07/03/2011,15:00:00,25.75
07/03/2011,16:00:00,19.50
07/03/2011,17:00:00,9.50
07/03/2011,18:00:00,6.50
07/03/2011,19:00:00,4.25
07/03/2011,20:00:00,4.00
07/03/2011,21:00:00,4.00
07/03/2011,22:00:00,4.00
07/03/2011,23:00:00,4.00
08/03/2011,00:00:00,4.00
08/03/2011,01:00:00,4.00
08/03/2011,02:00:00,4.00
08/03/2011,03:00:00,4.50
08/03/2011,04:00:00,4.75
08/03/2011,05:00:00,4.00
08/03/2011,06:00:00,4.00
08/03/2011,07:00:00,4.00
08/03/2011,08:00:00,4.00
08/03/2011,09:00:00,4.75
08/03/2011,10:00:00,10.50
08/03/2011,11:00:00,15.00
08/03/2011,12:00:00,14.25
08/03/2011,13:00:00,44.50
08/03/2011,14:00:00,52.00
08/03/2011,15:00:00,58.25
08/03/2011,16:00:00,54.25
08/03/2011,17:00:00,48.50
08/03/2011,18:00:00,24.00
08/03/2011,19:00:00,5.00
08/03/2011,20:00:00,4.00
08/03/2011,21:00:00,4.00
08/03/2011,22:00:00,4.00
08/03/2011,23:00:00,4.00
09/03/2011,00:00:00,4.00
09/03/2011,01:00:00,4.00
09/03/2011,02:00:00,4.00
09/03/2011,03:00:00,4.00
09/03/2011,04:00:00,4.00
09/03/2011,05:00:00,4.75
09/03/2011,06:00:00,4.50
09/03/2011,07:00:00,4.00
09/03/2011,08:00:00,4.00
09/03/2011,09:00:00,6.50
09/03/2011,10:00:00,8.75
09/03/2011,11:00:00,16.75
09/03/2011,12:00:00,34.50
09/03/2011,13:00:00,25.25
09/03/2011,14:00:00,42.75
09/03/2011,15:00:00,57.25
09/03/2011,16:00:00,61.50
09/03/2011,17:00:00,62.00
09/03/2011,18:00:00,43.00
09/03/2011,19:00:00,20.25
09/03/2011,20:00:00,4.50
09/03/2011,21:00:00,4.00
09/03/2011,22:00:00,4.00
09/03/2011,23:00:00,4.00
10/03/2011,00:00:00,4.00
10/03/2011,01:00:00,4.00
10/03/2011,02:00:00,4.00
10/03/2011,03:00:00,4.00
10/03/2011,04:00:00,4.00
10/03/2011,05:00:00,4.00
10/03/2011,06:00:00,4.00
10/03/2011,07:00:00,4.00
10/03/2011,08:00:00,4.00
10/03/2011,09:00:00,5.00
10/03/2011,10:00:00,23.50
10/03/2011,11:00:00,40.75
10/03/2011,12:00:00,56.75
10/03/2011,13:00:00,59.00
10/03/2011,14:00:00,64.75
10/03/2011,15:00:00,74.50
10/03/2011,16:00:00,66.00
10/03/2011,17:00:00,61.00
10/03/2011,18:00:00,33.25
10/03/2011,19:00:00,4.25
10/03/2011,20:00:00,4.00
10/03/2011,21:00:00,4.00
10/03/2011,22:00:00,4.00
10/03/2011,23:00:00,4.00
11/03/2011,00:00:00,4.00
11/03/2011,01:00:00,4.00
11/03/2011,02:00:00,4.00
11/03/2011,03:00:00,4.00
11/03/2011,04:00:00,4.00
11/03/2011,05:00:00,4.00
11/03/2011,06:00:00,4.00
11/03/2011,07:00:00,4.00
11/03/2011,08:00:00,4.00
11/03/2011,09:00:00,4.25
11/03/2011,10:00:00,7.00
11/03/2011,11:00:00,18.75
11/03/2011,12:00:00,18.25
11/03/2011,13:00:00,17.25
11/03/2011,14:00:00,18.75
11/03/2011,15:00:00,17.00
11/03/2011,16:00:00,18.75
11/03/2011,17:00:00,18.50
11/03/2011,18:00:00,7.50
11/03/2011,19:00:00,4.75
11/03/2011,20:00:00,4.00
11/03/2011,21:00:00,4.00
11/03/2011,22:00:00,4.00
11/03/2011,23:00:00,4.00
12/03/2011,00:00:00,4.00
12/03/2011,01:00:00,4.00
12/03/2011,02:00:00,4.00
12/03/2011,03:00:00,4.00
12/03/2011,04:00:00,4.00
12/03/2011,05:00:00,4.00
12/03/2011,06:00:00,4.00
12/03/2011,07:00:00,4.00
12/03/2011,08:00:00,6.75
12/03/2011,09:00:00,15.00
12/03/2011,10:00:00,16.25
12/03/2011,11:00:00,19.75
12/03/2011,12:00:00,19.25
12/03/2011,13:00:00,20.25
12/03/2011,14:00:00,21.25
12/03/2011,15:00:00,34.75
12/03/2011,16:00:00,29.75
12/03/2011,17:00:00,23.50
12/03/2011,18:00:00,9.50
12/03/2011,19:00:00,4.00
12/03/2011,20:00:00,4.00
12/03/2011,21:00:00,4.00
12/03/2011,22:00:00,4.00
12/03/2011,23:00:00,4.00
13/03/2011,00:00:00,4.00
13/03/2011,01:00:00,4.00
13/03/2011,02:00:00,4.00
13/03/2011,03:00:00,4.00
13/03/2011,04:00:00,4.00
13/03/2011,05:00:00,4.00
13/03/2011,06:00:00,4.00
13/03/2011,07:00:00,4.00
13/03/2011,08:00:00,4.00
13/03/2011,09:00:00,7.25
13/03/2011,10:00:00,16.75
13/03/2011,11:00:00,18.75
13/03/2011,12:00:00,24.25
13/03/2011,13:00:00,19.50
13/03/2011,14:00:00,23.75
13/03/2011,15:00:00,49.50
13/03/2011,16:00:00,61.50
13/03/2011,17:00:00,52.00
13/03/2011,18:00:00,16.00
13/03/2011,19:00:00,4.25
13/03/2011,20:00:00,4.00
13/03/2011,21:00:00,4.00
13/03/2011,22:00:00,4.00
13/03/2011,23:00:00,4.00
14/03/2011,00:00:00,4.00
14/03/2011,01:00:00,4.00
14/03/2011,02:00:00,4.00
14/03/2011,03:00:00,4.00
14/03/2011,04:00:00,4.00
14/03/2011,05:00:00,4.00
14/03/2011,06:00:00,4.00
14/03/2011,07:00:00,4.00
14/03/2011,08:00:00,4.00
14/03/2011,09:00:00,4.75
14/03/2011,10:00:00,8.00
14/03/2011,11:00:00,12.25
14/03/2011,12:00:00,18.75
14/03/2011,13:00:00,25.75
14/03/2011,14:00:00,43.50
14/03/2011,15:00:00,72.50
14/03/2011,16:00:00,68.50
14/03/2011,17:00:00,63.50
14/03/2011,18:00:00,17.75
14/03/2011,19:00:00,4.00
14/03/2011,20:00:00,4.00
14/03/2011,21:00:00,4.00
14/03/2011,22:00:00,4.00
14/03/2011,23:00:00,4.00
15/03/2011,00:00:00,4.00
15/03/2011,01:00:00,4.00
15/03/2011,02:00:00,4.00
15/03/2011,03:00:00,4.00
15/03/2011,04:00:00,4.00
15/03/2011,05:00:00,4.00
15/03/2011,06:00:00,4.00
15/03/2011,07:00:00,4.00
15/03/2011,08:00:00,4.00
15/03/2011,09:00:00,4.00
15/03/2011,10:00:00,4.00
15/03/2011,11:00:00,4.50
15/03/2011,12:00:00,23.75
15/03/2011,13:00:00,21.25
15/03/2011,14:00:00,48.50
15/03/2011,15:00:00,79.25
15/03/2011,16:00:00,78.25
15/03/2011,17:00:00,120.25
15/03/2011,18:00:00,46.25
15/03/2011,19:00:00,8.50
15/03/2011,20:00:00,4.00
15/03/2011,21:00:00,4.00
15/03/2011,22:00:00,4.00
15/03/2011,23:00:00,4.00
16/03/2011,00:00:00,4.00
16/03/2011,01:00:00,4.00
16/03/2011,02:00:00,4.00
16/03/2011,03:00:00,4.00
16/03/2011,04:00:00,4.00
16/03/2011,05:00:00,4.00
16/03/2011,06:00:00,4.00
16/03/2011,07:00:00,4.00
16/03/2011,08:00:00,4.00
16/03/2011,09:00:00,4.00
16/03/2011,10:00:00,13.50
16/03/2011,11:00:00,20.00
16/03/2011,12:00:00,50.00
16/03/2011,13:00:00,44.50
16/03/2011,14:00:00,59.25
16/03/2011,15:00:00,84.25
16/03/2011,16:00:00,57.75
16/03/2011,17:00:00,5.50
16/03/2011,18:00:00,5.50
16/03/2011,19:00:00,4.50
16/03/2011,20:00:00,4.00
16/03/2011,21:00:00,4.00
16/03/2011,22:00:00,4.00
16/03/2011,23:00:00,4.00
17/03/2011,00:00:00,4.00
17/03/2011,01:00:00,4.00
17/03/2011,02:00:00,4.00
17/03/2011,03:00:00,4.00
17/03/2011,04:00:00,4.00
17/03/2011,05:00:00,4.00
17/03/2011,06:00:00,4.00
17/03/2011,07:00:00,4.00
17/03/2011,08:00:00,4.00
17/03/2011,09:00:00,4.75
17/03/2011,10:00:00,4.00
17/03/2011,11:00:00,10.25
17/03/2011,12:00:00,44.75
17/03/2011,13:00:00,44.25
17/03/2011,14:00:00,65.00
17/03/2011,15:00:00,78.50
17/03/2011,16:00:00,65.75
17/03/2011,17:00:00,45.75
17/03/2011,18:00:00,18.50
17/03/2011,19:00:00,4.00
17/03/2011,20:00:00,4.00
17/03/2011,21:00:00,4.00
17/03/2011,22:00:00,4.00
17/03/2011,23:00:00,4.00
18/03/2011,00:00:00,4.00
18/03/2011,01:00:00,4.00
18/03/2011,02:00:00,4.00
18/03/2011,03:00:00,4.00
18/03/2011,04:00:00,4.00
18/03/2011,05:00:00,4.00
18/03/2011,06:00:00,4.00
18/03/2011,07:00:00,4.00
18/03/2011,08:00:00,4.00
18/03/2011,09:00:00,4.00
18/03/2011,10:00:00,7.00
18/03/2011,11:00:00,30.50
18/03/2011,12:00:00,43.00
18/03/2011,13:00:00,26.75
18/03/2011,14:00:00,51.00
18/03/2011,15:00:00,37.75
18/03/2011,16:00:00,25.75
18/03/2011,17:00:00,14.00
18/03/2011,18:00:00,4.00
18/03/2011,19:00:00,4.00
18/03/2011,20:00:00,4.00
18/03/2011,21:00:00,4.00
18/03/2011,22:00:00,4.00
18/03/2011,23:00:00,4.00
19/03/2011,00:00:00,4.00
19/03/2011,01:00:00,4.00
19/03/2011,02:00:00,4.00
19/03/2011,03:00:00,4.00
19/03/2011,04:00:00,4.00
19/03/2011,05:00:00,4.00
19/03/2011,06:00:00,4.00
19/03/2011,07:00:00,4.00
19/03/2011,08:00:00,4.00
19/03/2011,09:00:00,4.00
19/03/2011,10:00:00,6.50
19/03/2011,11:00:00,19.75
19/03/2011,12:00:00,28.50
19/03/2011,13:00:00,35.50
19/03/2011,14:00:00,42.25
19/03/2011,15:00:00,35.75
19/03/2011,16:00:00,40.25
19/03/2011,17:00:00,21.50
19/03/2011,18:00:00,6.50
19/03/2011,19:00:00,4.00
19/03/2011,20:00:00,4.00
19/03/2011,21:00:00,4.00
19/03/2011,22:00:00,4.00
19/03/2011,23:00:00,4.00
20/03/2011,00:00:00,4.00
20/03/2011,01:00:00,4.00
20/03/2011,02:00:00,4.00
20/03/2011,03:00:00,4.00
20/03/2011,04:00:00,4.00
20/03/2011,05:00:00,4.00
20/03/2011,06:00:00,4.00
20/03/2011,07:00:00,4.00
20/03/2011,08:00:00,4.00
20/03/2011,09:00:00,4.00
20/03/2011,10:00:00,8.75
20/03/2011,11:00:00,37.75
20/03/2011,12:00:00,54.25
20/03/2011,13:00:00,36.75
20/03/2011,14:00:00,40.00
20/03/2011,15:00:00,59.25
20/03/2011,16:00:00,61.50
20/03/2011,17:00:00,63.25
20/03/2011,18:00:00,42.75
20/03/2011,19:00:00,4.00
20/03/2011,20:00:00,4.00
20/03/2011,21:00:00,4.00
20/03/2011,22:00:00,4.00
20/03/2011,23:00:00,5.50
21/03/2011,00:00:00,6.75
21/03/2011,01:00:00,9.00
21/03/2011,02:00:00,8.75
21/03/2011,03:00:00,9.00
21/03/2011,04:00:00,8.00
21/03/2011,05:00:00,6.00
21/03/2011,06:00:00,4.00
21/03/2011,07:00:00,4.00
21/03/2011,08:00:00,5.00
21/03/2011,09:00:00,6.50
21/03/2011,10:00:00,7.50
21/03/2011,11:00:00,13.75
21/03/2011,12:00:00,31.00
21/03/2011,13:00:00,19.25
21/03/2011,14:00:00,15.50
21/03/2011,15:00:00,30.25
21/03/2011,16:00:00,19.00
21/03/2011,17:00:00,29.25
21/03/2011,18:00:00,9.25
21/03/2011,19:00:00,4.00
21/03/2011,20:00:00,4.00
21/03/2011,21:00:00,4.00
21/03/2011,22:00:00,4.00
21/03/2011,23:00:00,4.00
22/03/2011,00:00:00,4.00
22/03/2011,01:00:00,4.00
22/03/2011,02:00:00,4.00
22/03/2011,03:00:00,5.00
22/03/2011,04:00:00,7.50
22/03/2011,05:00:00,4.00
22/03/2011,06:00:00,4.00
22/03/2011,07:00:00,4.00
22/03/2011,08:00:00,4.00
22/03/2011,09:00:00,4.25
22/03/2011,10:00:00,13.00
22/03/2011,11:00:00,38.75
22/03/2011,12:00:00,86.00
22/03/2011,13:00:00,36.75
22/03/2011,14:00:00,94.50
22/03/2011,15:00:00,65.25
22/03/2011,16:00:00,82.25
22/03/2011,17:00:00,66.00
22/03/2011,18:00:00,40.50
22/03/2011,19:00:00,4.50
22/03/2011,20:00:00,4.00
22/03/2011,21:00:00,4.00
22/03/2011,22:00:00,4.00
22/03/2011,23:00:00,4.00
23/03/2011,00:00:00,4.00
23/03/2011,01:00:00,4.00
23/03/2011,02:00:00,4.00
23/03/2011,03:00:00,4.00
23/03/2011,04:00:00,4.00
23/03/2011,05:00:00,4.00
23/03/2011,06:00:00,4.00
23/03/2011,07:00:00,4.00
23/03/2011,08:00:00,4.00
23/03/2011,09:00:00,10.50
23/03/2011,10:00:00,21.25
23/03/2011,11:00:00,60.25
23/03/2011,12:00:00,73.50
23/03/2011,13:00:00,60.25
23/03/2011,14:00:00,69.00
23/03/2011,15:00:00,67.00
23/03/2011,16:00:00,76.50
23/03/2011,17:00:00,62.75
23/03/2011,18:00:00,45.50
23/03/2011,19:00:00,5.50
23/03/2011,20:00:00,5.00
23/03/2011,21:00:00,31.75
23/03/2011,22:00:00,31.50
23/03/2011,23:00:00,19.25
24/03/2011,00:00:00,26.75
24/03/2011,01:00:00,4.25
24/03/2011,02:00:00,5.25
24/03/2011,03:00:00,15.50
24/03/2011,04:00:00,17.25
24/03/2011,05:00:00,13.25
24/03/2011,06:00:00,4.00
24/03/2011,07:00:00,4.00
24/03/2011,08:00:00,7.75
24/03/2011,09:00:00,19.50
24/03/2011,10:00:00,30.50
24/03/2011,11:00:00,82.50
24/03/2011,12:00:00,90.50
24/03/2011,13:00:00,92.25
24/03/2011,14:00:00,82.75
24/03/2011,15:00:00,83.25
24/03/2011,16:00:00,77.25
24/03/2011,17:00:00,75.50
24/03/2011,18:00:00,56.25
24/03/2011,19:00:00,11.00
24/03/2011,20:00:00,4.25
24/03/2011,21:00:00,4.00
24/03/2011,22:00:00,4.00
24/03/2011,23:00:00,4.00
25/03/2011,00:00:00,4.00
25/03/2011,01:00:00,4.00
25/03/2011,02:00:00,4.00
25/03/2011,03:00:00,4.00
25/03/2011,04:00:00,4.00
25/03/2011,05:00:00,4.00
25/03/2011,06:00:00,4.00
25/03/2011,07:00:00,4.00
25/03/2011,08:00:00,4.00
25/03/2011,09:00:00,16.00
25/03/2011,10:00:00,54.75
25/03/2011,11:00:00,80.25
25/03/2011,12:00:00,91.25
25/03/2011,13:00:00,83.75
25/03/2011,14:00:00,81.75
25/03/2011,15:00:00,80.25
25/03/2011,16:00:00,73.50
25/03/2011,17:00:00,65.25
25/03/2011,18:00:00,38.50
25/03/2011,19:00:00,6.00
25/03/2011,20:00:00,4.00
25/03/2011,21:00:00,4.00
25/03/2011,22:00:00,4.00
29/03/2011,13:00:00,25.00
29/03/2011,14:00:00,30.75
29/03/2011,15:00:00,38.00
01/04/2011,13:00:00,97.00
01/04/2011,14:00:00,66.75
01/04/2011,15:00:00,66.75
01/04/2011,16:00:00,71.75
01/04/2011,17:00:00,66.25
01/04/2011,18:00:00,46.50
01/04/2011,19:00:00,9.00
01/04/2011,20:00:00,4.00
01/04/2011,21:00:00,28.00
01/04/2011,22:00:00,20.25
01/04/2011,23:00:00,4.00
02/04/2011,00:00:00,4.00
02/04/2011,01:00:00,5.25
02/04/2011,02:00:00,4.00
02/04/2011,03:00:00,4.00
02/04/2011,04:00:00,4.00
02/04/2011,05:00:00,5.00
02/04/2011,06:00:00,4.00
02/04/2011,07:00:00,4.00
02/04/2011,08:00:00,19.75
02/04/2011,09:00:00,51.25
02/04/2011,10:00:00,61.75
02/04/2011,11:00:00,82.75
02/04/2011,12:00:00,98.50
02/04/2011,13:00:00,78.25
02/04/2011,14:00:00,71.25
02/04/2011,15:00:00,75.75
02/04/2011,16:00:00,76.25
02/04/2011,17:00:00,67.00
02/04/2011,18:00:00,59.50
02/04/2011,19:00:00,51.50
02/04/2011,20:00:00,35.25
02/04/2011,21:00:00,28.25
02/04/2011,22:00:00,23.25
02/04/2011,23:00:00,15.00
03/04/2011,00:00:00,11.75
03/04/2011,01:00:00,5.50
03/04/2011,02:00:00,4.00
03/04/2011,03:00:00,4.00
03/04/2011,04:00:00,4.50
03/04/2011,05:00:00,4.50
03/04/2011,06:00:00,4.50
03/04/2011,07:00:00,5.25
03/04/2011,08:00:00,13.00
03/04/2011,09:00:00,41.75
03/04/2011,10:00:00,56.50
03/04/2011,11:00:00,70.50
03/04/2011,12:00:00,76.25
03/04/2011,13:00:00,77.25
03/04/2011,14:00:00,86.75
03/04/2011,15:00:00,102.00
03/04/2011,16:00:00,95.00
03/04/2011,17:00:00,85.50
03/04/2011,18:00:00,68.25
03/04/2011,19:00:00,29.00
03/04/2011,20:00:00,38.00
03/04/2011,21:00:00,28.75
03/04/2011,22:00:00,22.75
03/04/2011,23:00:00,35.75
04/04/2011,00:00:00,34.50
04/04/2011,01:00:00,32.25
04/04/2011,02:00:00,7.50
04/04/2011,03:00:00,4.75
04/04/2011,04:00:00,4.75
04/04/2011,05:00:00,4.25
04/04/2011,06:00:00,4.00
04/04/2011,07:00:00,4.00
04/04/2011,08:00:00,5.00
04/04/2011,09:00:00,59.00
04/04/2011,10:00:00,86.50
04/04/2011,11:00:00,104.75
04/04/2011,12:00:00,116.00
04/04/2011,13:00:00,95.75
04/04/2011,14:00:00,91.00
04/04/2011,15:00:00,97.75
04/04/2011,16:00:00,95.00
04/04/2011,17:00:00,90.75
04/04/2011,18:00:00,51.25
04/04/2011,19:00:00,5.75
04/04/2011,20:00:00,4.00
04/04/2011,21:00:00,4.00
04/04/2011,22:00:00,4.00
04/04/2011,23:00:00,4.00
05/04/2011,00:00:00,4.00
05/04/2011,01:00:00,4.00
05/04/2011,02:00:00,4.00
05/04/2011,03:00:00,4.00
05/04/2011,04:00:00,4.00
05/04/2011,05:00:00,4.00
05/04/2011,06:00:00,4.00
05/04/2011,07:00:00,4.00
05/04/2011,08:00:00,5.25
05/04/2011,09:00:00,41.00
05/04/2011,10:00:00,66.50
05/04/2011,11:00:00,73.00
05/04/2011,12:00:00,72.00
05/04/2011,13:00:00,54.25
05/04/2011,14:00:00,58.00
05/04/2011,15:00:00,82.25
05/04/2011,16:00:00,70.75
05/04/2011,17:00:00,67.75
05/04/2011,18:00:00,44.00
05/04/2011,19:00:00,32.75
05/04/2011,20:00:00,4.25
05/04/2011,21:00:00,5.00
05/04/2011,22:00:00,4.00
05/04/2011,23:00:00,4.00
06/04/2011,00:00:00,4.00
06/04/2011,01:00:00,4.00
06/04/2011,02:00:00,4.00
06/04/2011,03:00:00,4.00
06/04/2011,04:00:00,4.00
06/04/2011,05:00:00,4.00
06/04/2011,06:00:00,4.00
06/04/2011,07:00:00,4.00
06/04/2011,08:00:00,4.00
06/04/2011,09:00:00,28.50
06/04/2011,10:00:00,69.25
06/04/2011,11:00:00,92.25
06/04/2011,12:00:00,83.00
06/04/2011,13:00:00,68.00
06/04/2011,14:00:00,88.25
06/04/2011,15:00:00,85.50
06/04/2011,16:00:00,68.50
06/04/2011,17:00:00,56.00
06/04/2011,18:00:00,16.75
06/04/2011,19:00:00,4.00
06/04/2011,20:00:00,4.00
06/04/2011,21:00:00,4.00
06/04/2011,22:00:00,4.00
06/04/2011,23:00:00,4.00
07/04/2011,00:00:00,4.00
07/04/2011,01:00:00,4.00
07/04/2011,02:00:00,4.00
07/04/2011,03:00:00,4.00
07/04/2011,04:00:00,4.00
07/04/2011,05:00:00,4.00
07/04/2011,06:00:00,4.00
07/04/2011,07:00:00,4.00
07/04/2011,08:00:00,4.00
07/04/2011,09:00:00,16.50
07/04/2011,10:00:00,56.00
07/04/2011,11:00:00,63.75
07/04/2011,12:00:00,65.00
07/04/2011,13:00:00,64.25
07/04/2011,14:00:00,52.00
07/04/2011,15:00:00,70.00
07/04/2011,16:00:00,64.00
07/04/2011,17:00:00,59.25
07/04/2011,18:00:00,43.00
07/04/2011,19:00:00,8.50
07/04/2011,20:00:00,4.00
07/04/2011,21:00:00,4.00
07/04/2011,22:00:00,4.00
07/04/2011,23:00:00,4.00
08/04/2011,00:00:00,4.00
08/04/2011,01:00:00,4.00
08/04/2011,02:00:00,4.00
08/04/2011,03:00:00,4.00
08/04/2011,04:00:00,4.00
08/04/2011,05:00:00,4.00
08/04/2011,06:00:00,4.00
08/04/2011,07:00:00,4.00
08/04/2011,08:00:00,4.00
08/04/2011,09:00:00,19.00
08/04/2011,10:00:00,69.75
08/04/2011,11:00:00,79.00
08/04/2011,12:00:00,97.75
08/04/2011,13:00:00,83.75
08/04/2011,14:00:00,87.00
08/04/2011,15:00:00,85.50
08/04/2011,16:00:00,82.75
08/04/2011,17:00:00,74.25
08/04/2011,18:00:00,29.00
08/04/2011,19:00:00,4.00
08/04/2011,20:00:00,4.00
08/04/2011,21:00:00,4.00
08/04/2011,22:00:00,4.00
08/04/2011,23:00:00,4.00
09/04/2011,00:00:00,4.00
09/04/2011,01:00:00,4.00
09/04/2011,02:00:00,4.00
09/04/2011,03:00:00,4.00
09/04/2011,04:00:00,4.00
09/04/2011,05:00:00,4.00
09/04/2011,06:00:00,4.00
09/04/2011,07:00:00,4.00
09/04/2011,08:00:00,4.00
09/04/2011,09:00:00,32.50
09/04/2011,10:00:00,72.25
09/04/2011,11:00:00,101.25
09/04/2011,12:00:00,94.50
09/04/2011,13:00:00,100.75
09/04/2011,14:00:00,93.50
09/04/2011,15:00:00,98.50
09/04/2011,16:00:00,99.00
09/04/2011,17:00:00,79.75
09/04/2011,18:00:00,45.25
09/04/2011,19:00:00,4.25
09/04/2011,20:00:00,4.00
09/04/2011,21:00:00,4.00
09/04/2011,22:00:00,4.00
09/04/2011,23:00:00,4.00
10/04/2011,00:00:00,4.00
10/04/2011,01:00:00,4.00
10/04/2011,02:00:00,4.00
10/04/2011,03:00:00,4.00
10/04/2011,04:00:00,4.00
10/04/2011,05:00:00,4.00
10/04/2011,06:00:00,4.00
10/04/2011,07:00:00,4.00
10/04/2011,08:00:00,4.00
10/04/2011,09:00:00,4.00
10/04/2011,10:00:00,4.00
10/04/2011,11:00:00,14.75
10/04/2011,12:00:00,27.50
10/04/2011,13:00:00,52.00
10/04/2011,14:00:00,59.25
10/04/2011,15:00:00,57.50
10/04/2011,16:00:00,47.00
10/04/2011,17:00:00,44.75
10/04/2011,18:00:00,37.75
10/04/2011,19:00:00,16.50
10/04/2011,20:00:00,4.00
10/04/2011,21:00:00,4.00
10/04/2011,22:00:00,4.00
10/04/2011,23:00:00,4.00
11/04/2011,00:00:00,4.00
11/04/2011,01:00:00,4.00
11/04/2011,02:00:00,4.00
11/04/2011,03:00:00,4.00
11/04/2011,04:00:00,4.00
11/04/2011,05:00:00,4.00
11/04/2011,06:00:00,4.00
11/04/2011,07:00:00,4.00
11/04/2011,08:00:00,4.75
11/04/2011,09:00:00,14.50
11/04/2011,10:00:00,24.25
11/04/2011,11:00:00,35.75
11/04/2011,12:00:00,43.75
11/04/2011,13:00:00,35.25
11/04/2011,14:00:00,42.25
11/04/2011,15:00:00,34.00
11/04/2011,16:00:00,20.75
11/04/2011,17:00:00,23.50
11/04/2011,18:00:00,14.25
11/04/2011,19:00:00,4.00
11/04/2011,20:00:00,4.00
11/04/2011,21:00:00,4.00
11/04/2011,22:00:00,4.00
11/04/2011,23:00:00,4.00
12/04/2011,00:00:00,4.00
12/04/2011,01:00:00,4.00
12/04/2011,02:00:00,4.00
12/04/2011,03:00:00,4.00
12/04/2011,04:00:00,4.00
12/04/2011,05:00:00,4.00
12/04/2011,06:00:00,4.00
12/04/2011,07:00:00,4.00
12/04/2011,08:00:00,4.00
12/04/2011,09:00:00,4.00
12/04/2011,10:00:00,8.00
12/04/2011,11:00:00,22.25
12/04/2011,12:00:00,64.00
12/04/2011,13:00:00,80.25
12/04/2011,14:00:00,104.25
12/04/2011,15:00:00,92.25
12/04/2011,16:00:00,64.00
12/04/2011,17:00:00,49.75
12/04/2011,18:00:00,20.00
12/04/2011,19:00:00,4.25
12/04/2011,20:00:00,4.00
12/04/2011,21:00:00,4.00
12/04/2011,22:00:00,4.00
12/04/2011,23:00:00,4.00
13/04/2011,00:00:00,4.00
13/04/2011,01:00:00,4.00
13/04/2011,02:00:00,4.00
13/04/2011,03:00:00,4.00
13/04/2011,04:00:00,4.00
13/04/2011,05:00:00,4.00
13/04/2011,06:00:00,4.00
13/04/2011,07:00:00,4.00
13/04/2011,08:00:00,4.00
13/04/2011,09:00:00,5.50
13/04/2011,10:00:00,24.00
13/04/2011,11:00:00,54.25
13/04/2011,12:00:00,60.25
13/04/2011,13:00:00,56.00
13/04/2011,14:00:00,59.00
13/04/2011,15:00:00,53.75
13/04/2011,16:00:00,60.75
13/04/2011,17:00:00,44.75
13/04/2011,18:00:00,23.50
13/04/2011,19:00:00,4.00
13/04/2011,20:00:00,4.00
13/04/2011,21:00:00,4.00
13/04/2011,22:00:00,4.00
13/04/2011,23:00:00,4.00
14/04/2011,00:00:00,4.00
14/04/2011,01:00:00,4.00
14/04/2011,02:00:00,4.00
14/04/2011,03:00:00,4.00
14/04/2011,04:00:00,4.00
14/04/2011,05:00:00,4.00
14/04/2011,06:00:00,4.00
14/04/2011,07:00:00,4.00
14/04/2011,08:00:00,4.00
14/04/2011,09:00:00,24.50
14/04/2011,10:00:00,53.75
14/04/2011,11:00:00,67.50
14/04/2011,12:00:00,67.50
14/04/2011,13:00:00,62.25
14/04/2011,14:00:00,87.25
14/04/2011,15:00:00,101.25
14/04/2011,16:00:00,95.50
14/04/2011,17:00:00,96.75
14/04/2011,18:00:00,39.25
14/04/2011,19:00:00,4.00
14/04/2011,20:00:00,4.00
14/04/2011,21:00:00,4.00
14/04/2011,22:00:00,4.00
14/04/2011,23:00:00,4.00
15/04/2011,00:00:00,4.00
15/04/2011,01:00:00,4.00
15/04/2011,02:00:00,4.00
15/04/2011,03:00:00,4.00
15/04/2011,04:00:00,4.00
15/04/2011,05:00:00,4.00
15/04/2011,06:00:00,4.00
15/04/2011,07:00:00,4.00
15/04/2011,08:00:00,4.00
15/04/2011,09:00:00,14.50
15/04/2011,10:00:00,48.75
15/04/2011,11:00:00,74.50
15/04/2011,12:00:00,66.50
15/04/2011,13:00:00,78.50
15/04/2011,14:00:00,89.75
15/04/2011,15:00:00,109.50
15/04/2011,16:00:00,97.25
15/04/2011,17:00:00,78.25
15/04/2011,18:00:00,24.50
15/04/2011,19:00:00,4.00
15/04/2011,20:00:00,4.00
15/04/2011,21:00:00,4.00
15/04/2011,22:00:00,4.00
15/04/2011,23:00:00,4.00
16/04/2011,00:00:00,4.00
16/04/2011,01:00:00,4.00
16/04/2011,02:00:00,4.00
16/04/2011,03:00:00,4.00
16/04/2011,04:00:00,4.00
16/04/2011,05:00:00,4.00
16/04/2011,06:00:00,4.00
16/04/2011,07:00:00,4.00
16/04/2011,08:00:00,4.00
16/04/2011,09:00:00,4.50
16/04/2011,10:00:00,10.75
16/04/2011,11:00:00,39.75
16/04/2011,12:00:00,61.75
16/04/2011,13:00:00,75.50
16/04/2011,14:00:00,98.25
16/04/2011,15:00:00,84.75
16/04/2011,16:00:00,69.50
16/04/2011,17:00:00,59.00
16/04/2011,18:00:00,37.25
16/04/2011,19:00:00,6.25
16/04/2011,20:00:00,4.00
16/04/2011,21:00:00,4.00
16/04/2011,22:00:00,4.00
16/04/2011,23:00:00,4.00
17/04/2011,00:00:00,25.00
17/04/2011,01:00:00,27.25
17/04/2011,02:00:00,10.25
17/04/2011,03:00:00,4.25
17/04/2011,04:00:00,4.00
17/04/2011,05:00:00,4.00
17/04/2011,06:00:00,4.00
17/04/2011,07:00:00,4.00
17/04/2011,08:00:00,4.00
17/04/2011,09:00:00,4.00
17/04/2011,10:00:00,4.00
17/04/2011,11:00:00,4.00
17/04/2011,12:00:00,8.75
17/04/2011,13:00:00,10.00
17/04/2011,14:00:00,21.25
17/04/2011,15:00:00,29.50
17/04/2011,16:00:00,17.00
17/04/2011,17:00:00,7.75
17/04/2011,18:00:00,4.00
17/04/2011,19:00:00,4.00
17/04/2011,20:00:00,4.00
17/04/2011,21:00:00,4.00
17/04/2011,22:00:00,4.00
17/04/2011,23:00:00,4.00
18/04/2011,00:00:00,4.00
18/04/2011,01:00:00,4.00
18/04/2011,02:00:00,4.00
18/04/2011,03:00:00,4.00
18/04/2011,04:00:00,4.00
18/04/2011,05:00:00,4.00
18/04/2011,06:00:00,4.00
18/04/2011,07:00:00,4.00
18/04/2011,08:00:00,4.00
18/04/2011,09:00:00,4.00
18/04/2011,10:00:00,4.00
18/04/2011,11:00:00,15.75
18/04/2011,12:00:00,31.25
18/04/2011,13:00:00,12.75
18/04/2011,14:00:00,12.25
18/04/2011,15:00:00,30.00
18/04/2011,16:00:00,36.00
18/04/2011,17:00:00,31.75
18/04/2011,18:00:00,21.25
18/04/2011,19:00:00,4.25
18/04/2011,20:00:00,4.00
18/04/2011,21:00:00,4.00
18/04/2011,22:00:00,4.00
18/04/2011,23:00:00,4.75
19/04/2011,00:00:00,4.75
19/04/2011,01:00:00,4.00
19/04/2011,02:00:00,4.00
19/04/2011,03:00:00,4.00
19/04/2011,04:00:00,4.00
19/04/2011,05:00:00,4.00
19/04/2011,06:00:00,4.00
19/04/2011,07:00:00,4.00
19/04/2011,08:00:00,4.00
19/04/2011,09:00:00,4.75
19/04/2011,10:00:00,20.25
19/04/2011,11:00:00,36.50
19/04/2011,12:00:00,46.00
19/04/2011,13:00:00,13.50
19/04/2011,14:00:00,41.75
19/04/2011,15:00:00,67.75
19/04/2011,16:00:00,71.00
19/04/2011,17:00:00,44.50
19/04/2011,18:00:00,51.00
19/04/2011,19:00:00,9.75
19/04/2011,20:00:00,4.00
19/04/2011,21:00:00,4.00
19/04/2011,22:00:00,4.00
19/04/2011,23:00:00,4.00
20/04/2011,00:00:00,4.00
20/04/2011,01:00:00,4.00
20/04/2011,02:00:00,4.00
20/04/2011,03:00:00,4.00
20/04/2011,04:00:00,4.00
20/04/2011,05:00:00,4.00
20/04/2011,06:00:00,4.00
20/04/2011,07:00:00,4.00
20/04/2011,08:00:00,5.00
20/04/2011,09:00:00,27.00
20/04/2011,10:00:00,48.25
20/04/2011,11:00:00,68.00
20/04/2011,12:00:00,65.00
20/04/2011,13:00:00,46.75
20/04/2011,14:00:00,53.00
20/04/2011,15:00:00,74.50
20/04/2011,16:00:00,78.00
20/04/2011,17:00:00,76.00
20/04/2011,18:00:00,53.25
20/04/2011,19:00:00,13.25
20/04/2011,20:00:00,4.00
20/04/2011,21:00:00,4.00
20/04/2011,22:00:00,4.00
20/04/2011,23:00:00,4.00
21/04/2011,00:00:00,4.00
21/04/2011,01:00:00,4.00
21/04/2011,02:00:00,4.00
21/04/2011,03:00:00,4.00
21/04/2011,04:00:00,4.00
21/04/2011,05:00:00,4.00
21/04/2011,06:00:00,4.00
21/04/2011,07:00:00,4.00
21/04/2011,08:00:00,4.00
21/04/2011,09:00:00,23.75
21/04/2011,10:00:00,62.00
21/04/2011,11:00:00,48.25
21/04/2011,12:00:00,18.00
21/04/2011,13:00:00,4.00
21/04/2011,14:00:00,4.00
21/04/2011,15:00:00,4.00
21/04/2011,16:00:00,4.00
21/04/2011,17:00:00,4.00
21/04/2011,18:00:00,4.00
21/04/2011,19:00:00,4.00
21/04/2011,20:00:00,4.00
21/04/2011,21:00:00,4.00
21/04/2011,22:00:00,4.00
21/04/2011,23:00:00,4.00
22/04/2011,00:00:00,4.00
22/04/2011,01:00:00,4.00
22/04/2011,02:00:00,4.00
22/04/2011,03:00:00,4.00
22/04/2011,04:00:00,4.00
22/04/2011,05:00:00,4.00
22/04/2011,06:00:00,4.00
22/04/2011,07:00:00,4.00
22/04/2011,08:00:00,4.00
22/04/2011,09:00:00,4.00
22/04/2011,10:00:00,5.25
22/04/2011,11:00:00,6.00
22/04/2011,12:00:00,5.75
22/04/2011,13:00:00,10.25
22/04/2011,14:00:00,10.25
22/04/2011,15:00:00,6.25
22/04/2011,16:00:00,5.75
22/04/2011,17:00:00,5.00
22/04/2011,18:00:00,4.00
22/04/2011,19:00:00,4.00
22/04/2011,20:00:00,4.00
22/04/2011,21:00:00,4.00
22/04/2011,22:00:00,4.00
22/04/2011,23:00:00,4.00
23/04/2011,00:00:00,4.00
23/04/2011,01:00:00,4.00
23/04/2011,02:00:00,4.00
23/04/2011,03:00:00,4.00
23/04/2011,04:00:00,4.00
23/04/2011,05:00:00,4.00
23/04/2011,06:00:00,4.00
23/04/2011,07:00:00,4.00
23/04/2011,08:00:00,4.00
23/04/2011,09:00:00,4.00
23/04/2011,10:00:00,4.00
23/04/2011,11:00:00,4.00
23/04/2011,12:00:00,6.75
23/04/2011,13:00:00,11.00
23/04/2011,14:00:00,13.00
23/04/2011,15:00:00,6.75
23/04/2011,16:00:00,10.50
23/04/2011,17:00:00,10.50
23/04/2011,18:00:00,5.25
23/04/2011,19:00:00,4.00
23/04/2011,20:00:00,4.00
23/04/2011,21:00:00,4.00
23/04/2011,22:00:00,4.00
23/04/2011,23:00:00,4.00
24/04/2011,00:00:00,4.00
24/04/2011,01:00:00,4.00
24/04/2011,02:00:00,4.00
24/04/2011,03:00:00,4.00
24/04/2011,04:00:00,4.00
24/04/2011,05:00:00,4.00
24/04/2011,06:00:00,4.00
24/04/2011,07:00:00,4.00
24/04/2011,08:00:00,4.00
24/04/2011,09:00:00,4.00
24/04/2011,10:00:00,4.00
24/04/2011,11:00:00,4.75
24/04/2011,12:00:00,6.00
24/04/2011,13:00:00,6.75
24/04/2011,14:00:00,9.75
24/04/2011,15:00:00,6.25
24/04/2011,16:00:00,4.75
24/04/2011,17:00:00,4.00
24/04/2011,18:00:00,4.00
24/04/2011,19:00:00,4.00
24/04/2011,20:00:00,4.00
24/04/2011,21:00:00,4.00
24/04/2011,22:00:00,4.00
24/04/2011,23:00:00,4.00
25/04/2011,00:00:00,4.00
25/04/2011,01:00:00,4.00
25/04/2011,02:00:00,4.00
25/04/2011,03:00:00,4.00
25/04/2011,04:00:00,4.00
25/04/2011,05:00:00,4.00
25/04/2011,06:00:00,4.00
25/04/2011,07:00:00,4.00
25/04/2011,08:00:00,4.00
25/04/2011,09:00:00,4.25
25/04/2011,10:00:00,4.25
25/04/2011,11:00:00,4.00
25/04/2011,12:00:00,4.00
25/04/2011,13:00:00,4.25
25/04/2011,14:00:00,4.25
25/04/2011,15:00:00,4.00
25/04/2011,16:00:00,4.00
25/04/2011,17:00:00,4.00
25/04/2011,18:00:00,4.00
25/04/2011,19:00:00,4.00
25/04/2011,20:00:00,4.00
25/04/2011,21:00:00,4.00
25/04/2011,22:00:00,4.00
25/04/2011,23:00:00,4.00
26/04/2011,00:00:00,4.00
26/04/2011,01:00:00,4.00
26/04/2011,02:00:00,4.00
26/04/2011,03:00:00,4.00
26/04/2011,04:00:00,4.00
26/04/2011,05:00:00,4.00
26/04/2011,06:00:00,4.00
26/04/2011,07:00:00,4.00
26/04/2011,08:00:00,4.00
26/04/2011,09:00:00,5.00
26/04/2011,10:00:00,5.75
26/04/2011,11:00:00,7.25
26/04/2011,12:00:00,8.50
26/04/2011,13:00:00,11.75
26/04/2011,14:00:00,30.00
26/04/2011,15:00:00,58.50
26/04/2011,16:00:00,56.75
26/04/2011,17:00:00,49.25
26/04/2011,18:00:00,51.25
26/04/2011,19:00:00,43.00
26/04/2011,20:00:00,42.50
26/04/2011,21:00:00,36.00
26/04/2011,22:00:00,24.00
26/04/2011,23:00:00,32.00
27/04/2011,00:00:00,29.50
27/04/2011,01:00:00,23.75
27/04/2011,02:00:00,22.75
27/04/2011,03:00:00,20.00
27/04/2011,04:00:00,11.25
27/04/2011,05:00:00,8.25
27/04/2011,06:00:00,8.00
27/04/2011,07:00:00,6.75
27/04/2011,08:00:00,18.00
27/04/2011,09:00:00,33.50
27/04/2011,10:00:00,56.75
27/04/2011,11:00:00,73.75
27/04/2011,12:00:00,87.75
27/04/2011,13:00:00,89.75
27/04/2011,14:00:00,100.50
27/04/2011,15:00:00,96.50
27/04/2011,16:00:00,98.75
27/04/2011,17:00:00,104.75
27/04/2011,18:00:00,51.50
27/04/2011,19:00:00,9.75
27/04/2011,20:00:00,4.00
27/04/2011,21:00:00,4.00
27/04/2011,22:00:00,4.00
27/04/2011,23:00:00,6.25
28/04/2011,00:00:00,8.75
28/04/2011,01:00:00,10.50
28/04/2011,02:00:00,6.75
28/04/2011,03:00:00,4.75
28/04/2011,04:00:00,12.25
28/04/2011,05:00:00,9.50
28/04/2011,06:00:00,4.75
28/04/2011,07:00:00,14.00
28/04/2011,08:00:00,29.50
28/04/2011,09:00:00,53.25
28/04/2011,10:00:00,53.25
28/04/2011,11:00:00,67.75
28/04/2011,12:00:00,83.50
28/04/2011,13:00:00,82.50
28/04/2011,14:00:00,111.75
28/04/2011,15:00:00,150.75
28/04/2011,16:00:00,137.25
28/04/2011,17:00:00,128.50
28/04/2011,18:00:00,77.50
28/04/2011,19:00:00,16.50
28/04/2011,20:00:00,6.25
28/04/2011,21:00:00,4.00
28/04/2011,22:00:00,4.00
28/04/2011,23:00:00,4.00
29/04/2011,00:00:00,4.00
29/04/2011,01:00:00,4.00
29/04/2011,02:00:00,4.00
29/04/2011,03:00:00,4.00
29/04/2011,04:00:00,4.00
29/04/2011,05:00:00,4.00
29/04/2011,06:00:00,4.00
29/04/2011,07:00:00,4.00
29/04/2011,08:00:00,4.25
29/04/2011,09:00:00,27.50
29/04/2011,10:00:00,57.75
29/04/2011,11:00:00,63.50
29/04/2011,12:00:00,60.00
29/04/2011,13:00:00,53.50
30/04/2011,10:00:00,44.33
30/04/2011,11:00:00,44.00
30/04/2011,12:00:00,50.50
30/04/2011,13:00:00,43.75
30/04/2011,14:00:00,36.00
01/05/2011,00:00:00,4.00
01/05/2011,01:00:00,4.00
01/05/2011,02:00:00,4.00
01/05/2011,03:00:00,4.00
01/05/2011,04:00:00,4.00
01/05/2011,05:00:00,4.00
01/05/2011,06:00:00,4.00
01/05/2011,07:00:00,4.00
01/05/2011,08:00:00,4.00
01/05/2011,09:00:00,4.00
01/05/2011,10:00:00,4.00
01/05/2011,11:00:00,4.00
01/05/2011,12:00:00,4.00
01/05/2011,13:00:00,4.00
02/05/2011,00:00:00,4.00
02/05/2011,01:00:00,4.00
02/05/2011,02:00:00,4.00
02/05/2011,03:00:00,4.00
02/05/2011,04:00:00,4.00
02/05/2011,05:00:00,4.00
02/05/2011,06:00:00,4.00
02/05/2011,07:00:00,4.00
02/05/2011,08:00:00,4.00
02/05/2011,09:00:00,4.00
02/05/2011,10:00:00,4.00
02/05/2011,11:00:00,4.00
02/05/2011,12:00:00,4.00
02/05/2011,13:00:00,4.00
02/05/2011,14:00:00,4.00
02/05/2011,15:00:00,4.00
02/05/2011,16:00:00,4.00
02/05/2011,17:00:00,4.00
02/05/2011,18:00:00,4.00
02/05/2011,19:00:00,4.00
02/05/2011,20:00:00,4.00
02/05/2011,21:00:00,4.00
02/05/2011,22:00:00,4.00
02/05/2011,23:00:00,4.00
03/05/2011,00:00:00,4.00
03/05/2011,01:00:00,4.00
03/05/2011,02:00:00,4.00
03/05/2011,03:00:00,4.00
03/05/2011,04:00:00,4.00
03/05/2011,05:00:00,4.00
03/05/2011,06:00:00,4.00
03/05/2011,07:00:00,4.00
03/05/2011,08:00:00,4.00
03/05/2011,09:00:00,4.00
03/05/2011,10:00:00,4.00
03/05/2011,11:00:00,4.00
03/05/2011,12:00:00,4.00
03/05/2011,13:00:00,4.00
03/05/2011,14:00:00,4.00
03/05/2011,15:00:00,4.00
03/05/2011,16:00:00,4.00
03/05/2011,17:00:00,5.00
03/05/2011,18:00:00,4.25
03/05/2011,19:00:00,4.00
03/05/2011,20:00:00,4.00
03/05/2011,21:00:00,4.00
03/05/2011,22:00:00,4.00
03/05/2011,23:00:00,4.00
04/05/2011,00:00:00,4.00
04/05/2011,01:00:00,4.00
04/05/2011,02:00:00,4.00
04/05/2011,03:00:00,4.00
04/05/2011,04:00:00,4.00
04/05/2011,05:00:00,4.00
04/05/2011,06:00:00,4.00
04/05/2011,07:00:00,4.00
04/05/2011,08:00:00,4.00
04/05/2011,09:00:00,4.00
04/05/2011,10:00:00,4.00
04/05/2011,11:00:00,4.00
04/05/2011,12:00:00,5.75
04/05/2011,13:00:00,4.25
04/05/2011,14:00:00,5.00
04/05/2011,15:00:00,5.00
04/05/2011,16:00:00,4.00
04/05/2011,17:00:00,4.00
04/05/2011,18:00:00,4.25
04/05/2011,19:00:00,4.00
04/05/2011,20:00:00,4.00
04/05/2011,21:00:00,4.00
04/05/2011,22:00:00,4.00
04/05/2011,23:00:00,4.00
05/05/2011,00:00:00,4.00
05/05/2011,01:00:00,4.00
05/05/2011,02:00:00,4.00
05/05/2011,03:00:00,4.25
05/05/2011,04:00:00,4.25
05/05/2011,05:00:00,4.00
05/05/2011,06:00:00,4.00
05/05/2011,07:00:00,4.00
05/05/2011,08:00:00,4.00
05/05/2011,09:00:00,5.00
05/05/2011,10:00:00,5.00
05/05/2011,11:00:00,5.00
05/05/2011,12:00:00,5.50
05/05/2011,13:00:00,5.25
05/05/2011,14:00:00,5.50
05/05/2011,15:00:00,4.75
05/05/2011,16:00:00,4.00
05/05/2011,17:00:00,4.00
05/05/2011,18:00:00,4.25
05/05/2011,19:00:00,4.00
05/05/2011,20:00:00,4.00
05/05/2011,21:00:00,4.00
05/05/2011,22:00:00,4.00
05/05/2011,23:00:00,4.75
06/05/2011,00:00:00,4.00
06/05/2011,01:00:00,4.25
06/05/2011,02:00:00,5.50
06/05/2011,03:00:00,7.00
06/05/2011,04:00:00,7.50
06/05/2011,05:00:00,6.75
06/05/2011,06:00:00,7.00
06/05/2011,07:00:00,7.00
06/05/2011,08:00:00,6.75
06/05/2011,09:00:00,6.50
06/05/2011,10:00:00,6.25
06/05/2011,11:00:00,5.50
06/05/2011,12:00:00,5.50
06/05/2011,13:00:00,6.75
06/05/2011,14:00:00,5.00
06/05/2011,15:00:00,4.75
06/05/2011,16:00:00,4.00
06/05/2011,17:00:00,4.75
06/05/2011,18:00:00,4.25
06/05/2011,19:00:00,4.50
06/05/2011,20:00:00,4.25
06/05/2011,21:00:00,4.25
06/05/2011,22:00:00,4.00
06/05/2011,23:00:00,4.75
07/05/2011,00:00:00,4.50
07/05/2011,01:00:00,4.00
07/05/2011,02:00:00,4.00
07/05/2011,03:00:00,4.00
07/05/2011,04:00:00,5.00
07/05/2011,05:00:00,5.00
07/05/2011,06:00:00,5.00
07/05/2011,07:00:00,5.50
07/05/2011,08:00:00,4.50
07/05/2011,09:00:00,5.00
07/05/2011,10:00:00,5.50
07/05/2011,11:00:00,6.00
07/05/2011,12:00:00,5.00
07/05/2011,13:00:00,5.00
07/05/2011,14:00:00,5.00
07/05/2011,15:00:00,6.25
07/05/2011,16:00:00,5.25
07/05/2011,17:00:00,5.00
07/05/2011,18:00:00,4.50
07/05/2011,19:00:00,4.00
07/05/2011,20:00:00,4.00
07/05/2011,21:00:00,4.00
07/05/2011,22:00:00,4.00
07/05/2011,23:00:00,4.00
08/05/2011,00:00:00,4.00
08/05/2011,01:00:00,4.00
08/05/2011,02:00:00,4.25
08/05/2011,03:00:00,5.25
08/05/2011,04:00:00,5.25
08/05/2011,05:00:00,4.75
08/05/2011,06:00:00,4.25
08/05/2011,07:00:00,4.50
08/05/2011,08:00:00,5.00
08/05/2011,09:00:00,4.75
08/05/2011,10:00:00,5.00
08/05/2011,11:00:00,4.75
08/05/2011,12:00:00,4.75
08/05/2011,13:00:00,4.75
08/05/2011,14:00:00,5.00
08/05/2011,15:00:00,5.25
08/05/2011,16:00:00,6.00
08/05/2011,17:00:00,5.00
08/05/2011,18:00:00,4.50
08/05/2011,19:00:00,4.00
08/05/2011,20:00:00,4.00
08/05/2011,21:00:00,4.00
08/05/2011,22:00:00,4.00
08/05/2011,23:00:00,4.00
09/05/2011,00:00:00,4.00
09/05/2011,01:00:00,4.00
09/05/2011,02:00:00,4.00
09/05/2011,03:00:00,4.00
09/05/2011,04:00:00,4.00
09/05/2011,05:00:00,4.00
09/05/2011,06:00:00,4.00
09/05/2011,07:00:00,4.25
09/05/2011,08:00:00,4.00
09/05/2011,09:00:00,4.00
09/05/2011,10:00:00,4.25
09/05/2011,11:00:00,4.00
09/05/2011,12:00:00,5.25
09/05/2011,13:00:00,4.75
09/05/2011,14:00:00,4.50
09/05/2011,15:00:00,4.75
09/05/2011,16:00:00,4.75
09/05/2011,17:00:00,4.25
09/05/2011,18:00:00,4.00
09/05/2011,19:00:00,4.00
09/05/2011,20:00:00,4.00
09/05/2011,21:00:00,4.00
09/05/2011,22:00:00,4.00
09/05/2011,23:00:00,4.00
10/05/2011,00:00:00,4.00
10/05/2011,01:00:00,4.00
10/05/2011,02:00:00,4.00
10/05/2011,03:00:00,4.25
10/05/2011,04:00:00,4.25
10/05/2011,05:00:00,4.00
10/05/2011,06:00:00,4.00
10/05/2011,07:00:00,4.25
10/05/2011,08:00:00,4.00
10/05/2011,09:00:00,4.50
10/05/2011,10:00:00,4.25
10/05/2011,11:00:00,4.00
10/05/2011,12:00:00,6.00
10/05/2011,13:00:00,54.50
10/05/2011,14:00:00,44.50
10/05/2011,15:00:00,60.00
10/05/2011,16:00:00,75.00
10/05/2011,17:00:00,59.75
10/05/2011,18:00:00,42.75
10/05/2011,19:00:00,15.75
10/05/2011,20:00:00,4.00
10/05/2011,21:00:00,5.00
10/05/2011,22:00:00,7.50
10/05/2011,23:00:00,7.50
11/05/2011,00:00:00,7.75
11/05/2011,01:00:00,5.00
11/05/2011,02:00:00,4.25
11/05/2011,03:00:00,4.00
11/05/2011,04:00:00,4.50
11/05/2011,05:00:00,4.00
11/05/2011,06:00:00,5.00
11/05/2011,07:00:00,5.25
11/05/2011,08:00:00,11.00
11/05/2011,09:00:00,25.00
11/05/2011,10:00:00,30.50
11/05/2011,11:00:00,42.75
11/05/2011,12:00:00,47.75
11/05/2011,13:00:00,58.50
11/05/2011,14:00:00,60.00
11/05/2011,15:00:00,62.00
11/05/2011,16:00:00,56.75
11/05/2011,17:00:00,41.00
11/05/2011,18:00:00,11.50
11/05/2011,19:00:00,4.50
11/05/2011,20:00:00,5.50
11/05/2011,21:00:00,8.75
11/05/2011,22:00:00,8.50
11/05/2011,23:00:00,7.00
12/05/2011,00:00:00,6.25
12/05/2011,01:00:00,7.25
12/05/2011,02:00:00,4.50
12/05/2011,03:00:00,7.25
12/05/2011,04:00:00,6.50
12/05/2011,05:00:00,5.00
12/05/2011,06:00:00,4.75
12/05/2011,07:00:00,5.25
12/05/2011,08:00:00,5.25
12/05/2011,09:00:00,14.25
12/05/2011,10:00:00,13.75
12/05/2011,11:00:00,11.25
12/05/2011,12:00:00,10.50
12/05/2011,13:00:00,4.00
12/05/2011,14:00:00,4.00
12/05/2011,15:00:00,4.25
12/05/2011,16:00:00,4.00
12/05/2011,17:00:00,4.00
12/05/2011,18:00:00,4.75
12/05/2011,19:00:00,5.00
12/05/2011,20:00:00,4.25
12/05/2011,21:00:00,4.25
12/05/2011,22:00:00,4.00
12/05/2011,23:00:00,4.00
13/05/2011,00:00:00,4.50
13/05/2011,01:00:00,4.50
13/05/2011,02:00:00,4.75
13/05/2011,03:00:00,4.25
13/05/2011,04:00:00,4.00
13/05/2011,05:00:00,4.00
13/05/2011,06:00:00,4.25
13/05/2011,07:00:00,4.50
13/05/2011,08:00:00,4.25
13/05/2011,09:00:00,4.25
13/05/2011,10:00:00,4.75
13/05/2011,11:00:00,5.50
13/05/2011,12:00:00,4.25
13/05/2011,13:00:00,8.25
13/05/2011,14:00:00,13.00
13/05/2011,15:00:00,13.50
13/05/2011,16:00:00,18.00
13/05/2011,17:00:00,15.50
13/05/2011,18:00:00,11.25
13/05/2011,19:00:00,4.50
13/05/2011,20:00:00,4.50
13/05/2011,21:00:00,4.00
13/05/2011,22:00:00,4.25
13/05/2011,23:00:00,4.25
14/05/2011,00:00:00,4.00
14/05/2011,01:00:00,4.00
14/05/2011,02:00:00,4.00
14/05/2011,03:00:00,4.00
14/05/2011,04:00:00,4.00
14/05/2011,05:00:00,4.00
14/05/2011,06:00:00,4.00
14/05/2011,07:00:00,4.00
14/05/2011,08:00:00,4.00
14/05/2011,09:00:00,12.25
14/05/2011,10:00:00,41.75
14/05/2011,11:00:00,63.75
14/05/2011,12:00:00,27.50
14/05/2011,13:00:00,9.75
14/05/2011,14:00:00,21.00
14/05/2011,15:00:00,19.00
14/05/2011,16:00:00,21.75
14/05/2011,17:00:00,13.00
14/05/2011,18:00:00,8.75
14/05/2011,19:00:00,4.50
14/05/2011,20:00:00,4.00
14/05/2011,21:00:00,4.00
14/05/2011,22:00:00,4.00
14/05/2011,23:00:00,4.00
15/05/2011,00:00:00,4.00
15/05/2011,01:00:00,4.00
15/05/2011,02:00:00,4.00
15/05/2011,03:00:00,4.00
15/05/2011,04:00:00,4.00
15/05/2011,05:00:00,4.00
15/05/2011,06:00:00,4.00
15/05/2011,07:00:00,4.00
15/05/2011,08:00:00,4.00
15/05/2011,09:00:00,5.75
15/05/2011,10:00:00,33.00
15/05/2011,11:00:00,63.50
15/05/2011,12:00:00,20.00
15/05/2011,13:00:00,11.00
15/05/2011,14:00:00,11.25
15/05/2011,15:00:00,4.25
15/05/2011,16:00:00,7.00
15/05/2011,17:00:00,9.25
15/05/2011,18:00:00,5.75
15/05/2011,19:00:00,4.00
15/05/2011,20:00:00,4.00
15/05/2011,21:00:00,4.00
15/05/2011,22:00:00,4.00
15/05/2011,23:00:00,4.00
16/05/2011,00:00:00,4.00
16/05/2011,01:00:00,4.00
16/05/2011,02:00:00,4.00
16/05/2011,03:00:00,4.00
16/05/2011,04:00:00,4.75
16/05/2011,05:00:00,4.75
16/05/2011,06:00:00,4.50
16/05/2011,07:00:00,4.25
16/05/2011,08:00:00,4.00
16/05/2011,09:00:00,6.00
16/05/2011,10:00:00,44.25
16/05/2011,11:00:00,80.50
16/05/2011,12:00:00,30.25
16/05/2011,13:00:00,24.00
16/05/2011,14:00:00,32.75
16/05/2011,15:00:00,46.75
16/05/2011,16:00:00,160.25
16/05/2011,17:00:00,139.75
16/05/2011,18:00:00,63.75
16/05/2011,19:00:00,18.75
16/05/2011,20:00:00,4.00
16/05/2011,21:00:00,4.00
16/05/2011,22:00:00,4.00
16/05/2011,23:00:00,4.00
17/05/2011,00:00:00,4.00
17/05/2011,01:00:00,4.00
17/05/2011,02:00:00,12.25
17/05/2011,03:00:00,13.25
17/05/2011,04:00:00,14.75
17/05/2011,05:00:00,14.25
17/05/2011,06:00:00,43.75
17/05/2011,07:00:00,12.00
17/05/2011,08:00:00,20.00
17/05/2011,09:00:00,33.50
17/05/2011,10:00:00,44.00
17/05/2011,11:00:00,74.50
17/05/2011,12:00:00,103.25
17/05/2011,13:00:00,115.00
17/05/2011,14:00:00,99.00
17/05/2011,15:00:00,83.50
17/05/2011,16:00:00,75.00
17/05/2011,17:00:00,61.00
17/05/2011,18:00:00,19.25
17/05/2011,19:00:00,4.00
17/05/2011,20:00:00,4.00
17/05/2011,21:00:00,4.00
17/05/2011,22:00:00,4.00
17/05/2011,23:00:00,4.00
18/05/2011,00:00:00,5.75
18/05/2011,01:00:00,15.25
18/05/2011,02:00:00,16.50
18/05/2011,03:00:00,22.75
18/05/2011,04:00:00,67.25
18/05/2011,05:00:00,9.75
18/05/2011,06:00:00,50.00
18/05/2011,07:00:00,5.75
18/05/2011,08:00:00,18.75
18/05/2011,09:00:00,27.25
18/05/2011,10:00:00,29.25
18/05/2011,11:00:00,60.00
18/05/2011,12:00:00,78.75
18/05/2011,13:00:00,154.50
18/05/2011,14:00:00,174.00
18/05/2011,15:00:00,51.25
18/05/2011,16:00:00,6.75
18/05/2011,17:00:00,64.25
18/05/2011,18:00:00,26.50
18/05/2011,19:00:00,9.25
18/05/2011,20:00:00,4.00
18/05/2011,21:00:00,5.25
18/05/2011,22:00:00,7.75
18/05/2011,23:00:00,27.75
19/05/2011,00:00:00,37.75
19/05/2011,01:00:00,35.75
19/05/2011,02:00:00,24.25
19/05/2011,03:00:00,16.00
19/05/2011,04:00:00,6.50
19/05/2011,05:00:00,5.50
19/05/2011,06:00:00,5.50
19/05/2011,07:00:00,14.50
19/05/2011,08:00:00,11.25
19/05/2011,09:00:00,18.75
19/05/2011,10:00:00,39.00
19/05/2011,11:00:00,47.50
19/05/2011,12:00:00,49.00
19/05/2011,13:00:00,57.75
19/05/2011,14:00:00,76.00
19/05/2011,15:00:00,80.75
19/05/2011,16:00:00,77.50
19/05/2011,17:00:00,65.75
19/05/2011,18:00:00,50.50
19/05/2011,19:00:00,27.25
19/05/2011,20:00:00,14.75
19/05/2011,21:00:00,6.25
19/05/2011,22:00:00,4.00
19/05/2011,23:00:00,5.00
20/05/2011,00:00:00,7.00
20/05/2011,01:00:00,5.75
20/05/2011,02:00:00,13.25
20/05/2011,03:00:00,4.75
20/05/2011,04:00:00,4.25
20/05/2011,05:00:00,4.00
20/05/2011,06:00:00,4.00
20/05/2011,07:00:00,24.25
20/05/2011,08:00:00,15.00
20/05/2011,09:00:00,18.25
20/05/2011,10:00:00,28.00
20/05/2011,11:00:00,46.00
20/05/2011,12:00:00,51.50
20/05/2011,13:00:00,53.25
20/05/2011,14:00:00,58.75
20/05/2011,15:00:00,61.00
20/05/2011,16:00:00,58.50
20/05/2011,17:00:00,81.50
20/05/2011,18:00:00,55.75
20/05/2011,19:00:00,10.50
20/05/2011,20:00:00,15.50
20/05/2011,21:00:00,18.75
20/05/2011,22:00:00,19.25
20/05/2011,23:00:00,29.25
21/05/2011,00:00:00,25.75
21/05/2011,01:00:00,38.50
21/05/2011,02:00:00,5.00
21/05/2011,03:00:00,30.50
21/05/2011,04:00:00,22.50
21/05/2011,05:00:00,26.25
21/05/2011,06:00:00,28.25
21/05/2011,07:00:00,33.50
21/05/2011,08:00:00,38.75
21/05/2011,09:00:00,22.50
21/05/2011,10:00:00,7.75
21/05/2011,11:00:00,22.75
21/05/2011,12:00:00,18.50
21/05/2011,13:00:00,17.50
21/05/2011,14:00:00,21.25
21/05/2011,15:00:00,37.25
21/05/2011,16:00:00,32.50
21/05/2011,17:00:00,24.00
21/05/2011,18:00:00,27.50
21/05/2011,19:00:00,24.75
21/05/2011,20:00:00,23.00
21/05/2011,21:00:00,18.75
21/05/2011,22:00:00,17.50
21/05/2011,23:00:00,16.25
22/05/2011,00:00:00,17.75
22/05/2011,01:00:00,16.00
22/05/2011,02:00:00,14.75
22/05/2011,03:00:00,14.25
22/05/2011,04:00:00,13.75
22/05/2011,05:00:00,13.75
22/05/2011,06:00:00,13.75
22/05/2011,07:00:00,13.25
22/05/2011,08:00:00,14.75
22/05/2011,09:00:00,15.00
22/05/2011,10:00:00,19.50
22/05/2011,11:00:00,25.25
22/05/2011,12:00:00,24.00
22/05/2011,13:00:00,33.75
22/05/2011,14:00:00,38.00
22/05/2011,15:00:00,12.75
22/05/2011,16:00:00,11.50
22/05/2011,17:00:00,15.75
22/05/2011,18:00:00,15.00
22/05/2011,19:00:00,12.50
22/05/2011,20:00:00,12.25
22/05/2011,21:00:00,12.50
22/05/2011,22:00:00,13.25
22/05/2011,23:00:00,12.75
23/05/2011,00:00:00,12.75
23/05/2011,01:00:00,12.75
23/05/2011,02:00:00,12.25
23/05/2011,03:00:00,13.00
23/05/2011,04:00:00,12.50
23/05/2011,05:00:00,12.75
23/05/2011,06:00:00,11.75
23/05/2011,07:00:00,12.00
23/05/2011,08:00:00,15.75
23/05/2011,09:00:00,17.25
23/05/2011,10:00:00,21.50
23/05/2011,11:00:00,30.75
23/05/2011,12:00:00,15.50
23/05/2011,13:00:00,42.50
23/05/2011,14:00:00,48.75
23/05/2011,15:00:00,58.50
23/05/2011,16:00:00,60.50
23/05/2011,17:00:00,50.75
23/05/2011,18:00:00,40.25
23/05/2011,19:00:00,14.25
23/05/2011,20:00:00,7.75
23/05/2011,21:00:00,10.00
23/05/2011,22:00:00,13.75
23/05/2011,23:00:00,13.75
24/05/2011,00:00:00,14.25
24/05/2011,01:00:00,15.25
24/05/2011,02:00:00,17.50
24/05/2011,03:00:00,16.00
24/05/2011,04:00:00,17.50
24/05/2011,05:00:00,15.25
24/05/2011,06:00:00,12.50
24/05/2011,07:00:00,12.25
24/05/2011,08:00:00,17.00
24/05/2011,09:00:00,31.25
24/05/2011,10:00:00,53.75
24/05/2011,11:00:00,54.75
24/05/2011,12:00:00,45.75
24/05/2011,13:00:00,62.25
24/05/2011,14:00:00,81.25
24/05/2011,15:00:00,95.25
24/05/2011,16:00:00,96.25
24/05/2011,17:00:00,84.00
24/05/2011,18:00:00,63.75
24/05/2011,19:00:00,21.75
24/05/2011,20:00:00,9.00
24/05/2011,21:00:00,12.75
24/05/2011,22:00:00,5.00
24/05/2011,23:00:00,11.00
25/05/2011,00:00:00,13.00
25/05/2011,01:00:00,14.25
25/05/2011,02:00:00,13.25
25/05/2011,03:00:00,14.25
25/05/2011,04:00:00,6.75
25/05/2011,05:00:00,7.00
25/05/2011,06:00:00,7.50
25/05/2011,07:00:00,10.50
25/05/2011,08:00:00,8.75
25/05/2011,09:00:00,17.50
25/05/2011,10:00:00,29.25
25/05/2011,11:00:00,46.75
25/05/2011,12:00:00,47.75
25/05/2011,13:00:00,38.00
25/05/2011,14:00:00,40.00
25/05/2011,15:00:00,48.75
25/05/2011,16:00:00,32.75
25/05/2011,17:00:00,28.50
25/05/2011,18:00:00,11.00
25/05/2011,19:00:00,4.00
25/05/2011,20:00:00,4.25
25/05/2011,21:00:00,4.00
25/05/2011,22:00:00,5.25
25/05/2011,23:00:00,22.00
26/05/2011,00:00:00,26.00
26/05/2011,01:00:00,29.00
26/05/2011,02:00:00,13.25
26/05/2011,03:00:00,11.75
26/05/2011,04:00:00,14.75
26/05/2011,05:00:00,11.25
26/05/2011,06:00:00,14.00
26/05/2011,07:00:00,16.00
26/05/2011,08:00:00,21.25
26/05/2011,09:00:00,43.25
26/05/2011,10:00:00,56.50
26/05/2011,11:00:00,65.75
26/05/2011,12:00:00,82.50
26/05/2011,13:00:00,88.00
26/05/2011,14:00:00,95.00
26/05/2011,15:00:00,45.25
26/05/2011,16:00:00,4.75
26/05/2011,17:00:00,12.00
26/05/2011,18:00:00,29.00
26/05/2011,19:00:00,32.75
26/05/2011,20:00:00,32.50
26/05/2011,21:00:00,32.00
26/05/2011,22:00:00,17.00
26/05/2011,23:00:00,8.75
27/05/2011,00:00:00,7.75
27/05/2011,01:00:00,7.50
27/05/2011,02:00:00,10.75
27/05/2011,03:00:00,11.00
27/05/2011,04:00:00,12.75
27/05/2011,05:00:00,12.25
27/05/2011,06:00:00,11.00
27/05/2011,07:00:00,13.25
27/05/2011,08:00:00,15.75
27/05/2011,09:00:00,15.75
27/05/2011,10:00:00,27.75
27/05/2011,11:00:00,48.25
27/05/2011,12:00:00,42.75
27/05/2011,13:00:00,52.75
27/05/2011,14:00:00,67.50
27/05/2011,15:00:00,81.75
27/05/2011,16:00:00,86.50
27/05/2011,17:00:00,82.75
27/05/2011,18:00:00,81.00
27/05/2011,19:00:00,36.50
27/05/2011,20:00:00,5.00
27/05/2011,21:00:00,11.50
27/05/2011,22:00:00,21.75
27/05/2011,23:00:00,23.50
28/05/2011,00:00:00,10.75
28/05/2011,01:00:00,4.00
28/05/2011,02:00:00,4.50
28/05/2011,03:00:00,5.00
28/05/2011,04:00:00,5.75
28/05/2011,05:00:00,5.00
28/05/2011,06:00:00,4.75
28/05/2011,07:00:00,5.00
28/05/2011,08:00:00,18.25
28/05/2011,09:00:00,41.00
28/05/2011,10:00:00,59.25
28/05/2011,11:00:00,73.50
28/05/2011,12:00:00,63.50
28/05/2011,13:00:00,56.75
28/05/2011,14:00:00,68.00
28/05/2011,15:00:00,71.50
28/05/2011,16:00:00,72.25
28/05/2011,17:00:00,61.75
28/05/2011,18:00:00,54.00
28/05/2011,19:00:00,35.00
28/05/2011,20:00:00,9.00
28/05/2011,21:00:00,6.00
28/05/2011,22:00:00,9.25
28/05/2011,23:00:00,9.00
29/05/2011,00:00:00,8.00
29/05/2011,01:00:00,9.00
29/05/2011,02:00:00,11.00
29/05/2011,03:00:00,10.00
29/05/2011,04:00:00,11.50
29/05/2011,05:00:00,10.50
29/05/2011,06:00:00,10.50
29/05/2011,07:00:00,10.75
29/05/2011,08:00:00,17.75
29/05/2011,09:00:00,39.50
29/05/2011,10:00:00,67.00
29/05/2011,11:00:00,78.50
29/05/2011,12:00:00,82.25
29/05/2011,13:00:00,63.50
29/05/2011,14:00:00,70.50
29/05/2011,15:00:00,80.75
29/05/2011,16:00:00,82.00
29/05/2011,17:00:00,72.25
29/05/2011,18:00:00,66.25
29/05/2011,19:00:00,26.75
29/05/2011,20:00:00,4.50
29/05/2011,21:00:00,4.00
29/05/2011,22:00:00,7.75
29/05/2011,23:00:00,17.50
30/05/2011,00:00:00,26.25
30/05/2011,01:00:00,20.75
30/05/2011,02:00:00,31.50
30/05/2011,03:00:00,29.25
30/05/2011,04:00:00,23.25
30/05/2011,05:00:00,24.50
30/05/2011,06:00:00,29.00
30/05/2011,07:00:00,25.25
30/05/2011,08:00:00,25.25
30/05/2011,09:00:00,43.50
30/05/2011,10:00:00,52.25
30/05/2011,11:00:00,58.25
30/05/2011,12:00:00,72.00
30/05/2011,13:00:00,78.75
30/05/2011,14:00:00,92.00
30/05/2011,15:00:00,82.75
30/05/2011,16:00:00,82.50
30/05/2011,17:00:00,74.25
30/05/2011,18:00:00,50.75
30/05/2011,19:00:00,30.00
30/05/2011,20:00:00,31.75
30/05/2011,21:00:00,25.50
30/05/2011,22:00:00,30.50
30/05/2011,23:00:00,23.75
31/05/2011,00:00:00,30.25
31/05/2011,01:00:00,19.75
31/05/2011,02:00:00,24.00
31/05/2011,03:00:00,16.50
31/05/2011,04:00:00,16.75
31/05/2011,05:00:00,13.50
31/05/2011,06:00:00,10.50
31/05/2011,07:00:00,12.75
31/05/2011,08:00:00,7.75
31/05/2011,09:00:00,14.25
31/05/2011,10:00:00,22.25
31/05/2011,11:00:00,38.25
31/05/2011,12:00:00,50.25
31/05/2011,13:00:00,38.75
31/05/2011,14:00:00,34.50
31/05/2011,15:00:00,34.75
31/05/2011,16:00:00,31.25
31/05/2011,17:00:00,37.25
31/05/2011,18:00:00,31.50
31/05/2011,19:00:00,16.75
31/05/2011,20:00:00,25.00
31/05/2011,21:00:00,26.00
31/05/2011,22:00:00,39.00
31/05/2011,23:00:00,34.25
01/06/2011,00:00:00,28.00
01/06/2011,01:00:00,28.25
01/06/2011,02:00:00,28.25
01/06/2011,03:00:00,24.25
01/06/2011,04:00:00,27.25
01/06/2011,05:00:00,24.75
01/06/2011,06:00:00,19.00
01/06/2011,07:00:00,16.25
01/06/2011,08:00:00,20.00
01/06/2011,09:00:00,26.50
01/06/2011,10:00:00,41.50
01/06/2011,11:00:00,40.75
01/06/2011,12:00:00,39.25
01/06/2011,13:00:00,45.00
01/06/2011,14:00:00,46.50
01/06/2011,15:00:00,47.25
01/06/2011,16:00:00,50.25
01/06/2011,17:00:00,50.75
01/06/2011,18:00:00,49.75
01/06/2011,19:00:00,41.75
01/06/2011,20:00:00,35.25
01/06/2011,21:00:00,24.25
01/06/2011,22:00:00,19.50
01/06/2011,23:00:00,16.75
02/06/2011,00:00:00,16.25
02/06/2011,01:00:00,18.50
02/06/2011,02:00:00,17.75
02/06/2011,03:00:00,9.50
02/06/2011,04:00:00,9.75
02/06/2011,05:00:00,16.00
02/06/2011,06:00:00,15.50
02/06/2011,07:00:00,14.75
02/06/2011,08:00:00,16.00
02/06/2011,09:00:00,17.25
02/06/2011,10:00:00,19.50
02/06/2011,11:00:00,31.75
02/06/2011,12:00:00,30.75
02/06/2011,13:00:00,39.25
02/06/2011,14:00:00,62.00
02/06/2011,15:00:00,125.75
02/06/2011,16:00:00,121.25
02/06/2011,17:00:00,91.75
02/06/2011,18:00:00,66.75
02/06/2011,19:00:00,40.00
02/06/2011,20:00:00,17.25
02/06/2011,21:00:00,6.50
02/06/2011,22:00:00,5.50
02/06/2011,23:00:00,9.50
03/06/2011,00:00:00,15.75
03/06/2011,01:00:00,12.25
03/06/2011,02:00:00,13.25
03/06/2011,03:00:00,7.00
03/06/2011,04:00:00,9.25
03/06/2011,05:00:00,14.50
03/06/2011,06:00:00,15.00
03/06/2011,07:00:00,13.50
03/06/2011,08:00:00,24.25
03/06/2011,09:00:00,44.50
03/06/2011,10:00:00,70.75
03/06/2011,11:00:00,88.00
03/06/2011,12:00:00,88.00
03/06/2011,13:00:00,87.00
03/06/2011,14:00:00,92.75
03/06/2011,15:00:00,93.75
03/06/2011,16:00:00,97.75
03/06/2011,17:00:00,93.00
03/06/2011,18:00:00,76.75
03/06/2011,19:00:00,52.75
03/06/2011,20:00:00,15.25
03/06/2011,21:00:00,5.25
03/06/2011,22:00:00,4.00
03/06/2011,23:00:00,4.25
04/06/2011,00:00:00,4.00
04/06/2011,01:00:00,4.75
04/06/2011,02:00:00,4.25
04/06/2011,03:00:00,4.00
04/06/2011,04:00:00,4.25
04/06/2011,05:00:00,4.00
04/06/2011,06:00:00,4.00
04/06/2011,07:00:00,5.75
04/06/2011,08:00:00,40.50
04/06/2011,09:00:00,56.75
04/06/2011,10:00:00,91.00
04/06/2011,11:00:00,119.50
04/06/2011,12:00:00,118.25
04/06/2011,13:00:00,107.25
04/06/2011,14:00:00,100.00
04/06/2011,15:00:00,102.75
04/06/2011,16:00:00,102.25
04/06/2011,17:00:00,101.25
04/06/2011,18:00:00,78.25
04/06/2011,19:00:00,19.00
04/06/2011,20:00:00,4.00
04/06/2011,21:00:00,4.00
04/06/2011,22:00:00,4.00
04/06/2011,23:00:00,4.25
05/06/2011,00:00:00,4.00
05/06/2011,01:00:00,4.00
05/06/2011,02:00:00,8.75
05/06/2011,03:00:00,10.75
05/06/2011,04:00:00,5.00
05/06/2011,05:00:00,4.00
05/06/2011,06:00:00,4.25
05/06/2011,07:00:00,13.25
05/06/2011,08:00:00,39.00
05/06/2011,09:00:00,98.50
05/06/2011,10:00:00,104.50
05/06/2011,11:00:00,106.75
05/06/2011,12:00:00,107.50
05/06/2011,13:00:00,124.50
05/06/2011,14:00:00,156.50
05/06/2011,15:00:00,200.75
05/06/2011,16:00:00,218.75
05/06/2011,17:00:00,193.75
05/06/2011,18:00:00,159.00
05/06/2011,19:00:00,86.75
05/06/2011,20:00:00,32.50
05/06/2011,21:00:00,14.50
05/06/2011,22:00:00,19.75
05/06/2011,23:00:00,9.50
06/06/2011,00:00:00,14.25
06/06/2011,01:00:00,20.00
06/06/2011,02:00:00,33.50
06/06/2011,03:00:00,35.00
06/06/2011,04:00:00,28.75
06/06/2011,05:00:00,19.00
06/06/2011,06:00:00,28.25
06/06/2011,07:00:00,38.50
06/06/2011,08:00:00,48.75
06/06/2011,09:00:00,66.75
06/06/2011,10:00:00,75.00
06/06/2011,11:00:00,65.75
06/06/2011,12:00:00,77.50
06/06/2011,13:00:00,88.25
06/06/2011,14:00:00,110.75
06/06/2011,15:00:00,112.50
06/06/2011,16:00:00,116.75
06/06/2011,17:00:00,116.50
06/06/2011,18:00:00,64.00
06/06/2011,19:00:00,8.75
06/06/2011,20:00:00,4.25
06/06/2011,21:00:00,4.00
06/06/2011,22:00:00,4.00
06/06/2011,23:00:00,6.00
07/06/2011,00:00:00,29.25
07/06/2011,01:00:00,26.50
07/06/2011,02:00:00,29.25
07/06/2011,03:00:00,25.00
07/06/2011,04:00:00,23.00
07/06/2011,05:00:00,29.75
07/06/2011,06:00:00,24.75
07/06/2011,07:00:00,26.50
07/06/2011,08:00:00,32.25
07/06/2011,09:00:00,26.75
07/06/2011,10:00:00,54.00
07/06/2011,11:00:00,85.50
07/06/2011,12:00:00,102.25
07/06/2011,13:00:00,123.25
07/06/2011,14:00:00,149.50
07/06/2011,15:00:00,178.00
07/06/2011,16:00:00,196.75
07/06/2011,17:00:00,160.25
07/06/2011,18:00:00,115.75
07/06/2011,19:00:00,53.00
07/06/2011,20:00:00,36.00
07/06/2011,21:00:00,42.75
07/06/2011,22:00:00,36.50
07/06/2011,23:00:00,33.50
08/06/2011,00:00:00,25.25
08/06/2011,01:00:00,31.25
08/06/2011,02:00:00,24.75
08/06/2011,03:00:00,34.25
08/06/2011,04:00:00,31.75
08/06/2011,05:00:00,34.50
08/06/2011,06:00:00,24.75
08/06/2011,07:00:00,24.00
08/06/2011,08:00:00,30.00
08/06/2011,09:00:00,25.50
08/06/2011,10:00:00,38.00
08/06/2011,11:00:00,42.00
08/06/2011,12:00:00,49.50
08/06/2011,13:00:00,27.50
08/06/2011,14:00:00,28.75
08/06/2011,15:00:00,43.75
08/06/2011,16:00:00,40.50
08/06/2011,17:00:00,23.00
08/06/2011,18:00:00,13.50
08/06/2011,19:00:00,8.75
08/06/2011,20:00:00,10.00
08/06/2011,21:00:00,15.00
08/06/2011,22:00:00,36.00
08/06/2011,23:00:00,32.00
09/06/2011,00:00:00,13.25
09/06/2011,01:00:00,14.75
09/06/2011,02:00:00,21.00
09/06/2011,03:00:00,18.50
09/06/2011,04:00:00,16.75
09/06/2011,05:00:00,10.00
09/06/2011,06:00:00,9.50
09/06/2011,07:00:00,11.75
09/06/2011,08:00:00,16.50
09/06/2011,09:00:00,16.75
09/06/2011,10:00:00,27.25
09/06/2011,11:00:00,47.50
09/06/2011,12:00:00,52.00
09/06/2011,13:00:00,45.00
09/06/2011,14:00:00,20.00
09/06/2011,15:00:00,55.50
09/06/2011,16:00:00,63.25
09/06/2011,17:00:00,59.25
09/06/2011,18:00:00,53.75
09/06/2011,19:00:00,43.75
09/06/2011,20:00:00,45.75
09/06/2011,21:00:00,38.00
09/06/2011,22:00:00,28.75
09/06/2011,23:00:00,16.25
10/06/2011,00:00:00,14.50
10/06/2011,01:00:00,4.50
10/06/2011,02:00:00,4.50
10/06/2011,03:00:00,4.25
10/06/2011,04:00:00,4.50
10/06/2011,05:00:00,5.75
10/06/2011,06:00:00,14.00
10/06/2011,07:00:00,10.50
10/06/2011,08:00:00,6.25
10/06/2011,09:00:00,5.50
10/06/2011,10:00:00,5.50
10/06/2011,11:00:00,4.75
10/06/2011,12:00:00,10.50
10/06/2011,13:00:00,12.25
10/06/2011,14:00:00,21.00
10/06/2011,15:00:00,20.25
10/06/2011,16:00:00,23.50
10/06/2011,17:00:00,18.50
10/06/2011,18:00:00,12.00
10/06/2011,19:00:00,6.75
10/06/2011,20:00:00,6.75
10/06/2011,21:00:00,6.50
10/06/2011,22:00:00,4.25
10/06/2011,23:00:00,4.00
11/06/2011,00:00:00,4.00
11/06/2011,01:00:00,4.25
11/06/2011,02:00:00,4.00
11/06/2011,03:00:00,4.25
11/06/2011,04:00:00,4.25
11/06/2011,05:00:00,4.00
11/06/2011,06:00:00,4.75
11/06/2011,07:00:00,8.25
11/06/2011,08:00:00,21.75
11/06/2011,09:00:00,31.00
11/06/2011,10:00:00,45.50
11/06/2011,11:00:00,58.25
11/06/2011,12:00:00,38.00
11/06/2011,13:00:00,34.50
11/06/2011,14:00:00,65.50
11/06/2011,15:00:00,87.25
11/06/2011,16:00:00,69.50
11/06/2011,17:00:00,52.50
11/06/2011,18:00:00,15.50
11/06/2011,19:00:00,4.75
11/06/2011,20:00:00,5.25
11/06/2011,21:00:00,4.00
11/06/2011,22:00:00,4.00
11/06/2011,23:00:00,4.50
12/06/2011,00:00:00,10.75
12/06/2011,01:00:00,17.75
12/06/2011,02:00:00,14.75
12/06/2011,03:00:00,15.00
12/06/2011,04:00:00,14.75
12/06/2011,05:00:00,13.75
12/06/2011,06:00:00,13.00
12/06/2011,07:00:00,12.75
12/06/2011,08:00:00,13.25
12/06/2011,09:00:00,20.00
12/06/2011,10:00:00,29.75
12/06/2011,11:00:00,17.25
12/06/2011,12:00:00,16.75
12/06/2011,13:00:00,27.00
12/06/2011,14:00:00,36.25
12/06/2011,15:00:00,42.75
12/06/2011,16:00:00,44.75
12/06/2011,17:00:00,42.75
12/06/2011,18:00:00,19.25
12/06/2011,19:00:00,4.00
12/06/2011,20:00:00,12.75
12/06/2011,21:00:00,10.75
12/06/2011,22:00:00,6.50
12/06/2011,23:00:00,6.50
13/06/2011,00:00:00,6.25
13/06/2011,01:00:00,5.25
13/06/2011,02:00:00,5.25
13/06/2011,03:00:00,5.25
13/06/2011,04:00:00,4.50
13/06/2011,05:00:00,4.75
13/06/2011,06:00:00,7.00
13/06/2011,07:00:00,6.75
13/06/2011,08:00:00,13.25
13/06/2011,09:00:00,17.25
13/06/2011,10:00:00,22.00
13/06/2011,11:00:00,40.75
13/06/2011,12:00:00,55.75
13/06/2011,13:00:00,71.25
13/06/2011,14:00:00,69.50
13/06/2011,15:00:00,122.25
13/06/2011,16:00:00,147.00
13/06/2011,17:00:00,94.75
13/06/2011,18:00:00,40.50
13/06/2011,19:00:00,6.50
13/06/2011,20:00:00,5.25
13/06/2011,21:00:00,4.00
13/06/2011,22:00:00,4.00
13/06/2011,23:00:00,4.00
14/06/2011,00:00:00,6.75
14/06/2011,01:00:00,4.00
14/06/2011,02:00:00,4.50
14/06/2011,03:00:00,4.00
14/06/2011,04:00:00,5.00
14/06/2011,05:00:00,4.75
14/06/2011,06:00:00,4.00
14/06/2011,07:00:00,4.00
14/06/2011,08:00:00,6.50
14/06/2011,09:00:00,9.25
14/06/2011,10:00:00,23.75
14/06/2011,11:00:00,63.75
14/06/2011,12:00:00,72.00
14/06/2011,13:00:00,70.75
14/06/2011,14:00:00,80.75
14/06/2011,15:00:00,85.50
14/06/2011,16:00:00,80.25
14/06/2011,17:00:00,93.50
14/06/2011,18:00:00,93.75
14/06/2011,19:00:00,79.00
14/06/2011,20:00:00,64.25
14/06/2011,21:00:00,44.25
14/06/2011,22:00:00,33.25
14/06/2011,23:00:00,42.00
15/06/2011,00:00:00,4.00
15/06/2011,01:00:00,15.00
15/06/2011,02:00:00,14.75
15/06/2011,03:00:00,13.50
15/06/2011,04:00:00,11.75
15/06/2011,05:00:00,9.50
15/06/2011,06:00:00,9.25
15/06/2011,07:00:00,11.50
15/06/2011,08:00:00,16.25
15/06/2011,09:00:00,15.50
15/06/2011,10:00:00,16.50
15/06/2011,11:00:00,22.00
15/06/2011,12:00:00,18.25
15/06/2011,13:00:00,24.00
15/06/2011,14:00:00,32.00
15/06/2011,15:00:00,37.50
15/06/2011,16:00:00,26.25
15/06/2011,17:00:00,20.75
15/06/2011,18:00:00,23.50
15/06/2011,19:00:00,20.50
15/06/2011,20:00:00,19.75
15/06/2011,21:00:00,18.75
15/06/2011,22:00:00,18.25
15/06/2011,23:00:00,15.75
16/06/2011,00:00:00,16.25
16/06/2011,01:00:00,15.50
16/06/2011,02:00:00,16.75
16/06/2011,03:00:00,13.25
16/06/2011,04:00:00,9.00
16/06/2011,05:00:00,7.00
16/06/2011,06:00:00,6.00
16/06/2011,07:00:00,7.00
16/06/2011,08:00:00,11.50
16/06/2011,09:00:00,24.25
16/06/2011,10:00:00,30.00
16/06/2011,11:00:00,22.75
16/06/2011,12:00:00,25.50
16/06/2011,13:00:00,36.50
16/06/2011,14:00:00,44.50
16/06/2011,15:00:00,47.75
16/06/2011,16:00:00,44.25
16/06/2011,17:00:00,32.75
16/06/2011,18:00:00,46.75
16/06/2011,19:00:00,16.50
16/06/2011,20:00:00,12.75
16/06/2011,21:00:00,4.75
16/06/2011,22:00:00,19.00
16/06/2011,23:00:00,19.00
17/06/2011,00:00:00,18.25
17/06/2011,01:00:00,17.25
17/06/2011,02:00:00,15.75
17/06/2011,03:00:00,13.00
17/06/2011,04:00:00,10.75
17/06/2011,05:00:00,11.75
17/06/2011,06:00:00,10.75
17/06/2011,07:00:00,11.25
17/06/2011,08:00:00,11.00
17/06/2011,09:00:00,14.00
17/06/2011,10:00:00,17.75
17/06/2011,11:00:00,25.00
17/06/2011,12:00:00,36.00
17/06/2011,13:00:00,32.25
17/06/2011,14:00:00,28.25
17/06/2011,15:00:00,23.00
17/06/2011,16:00:00,11.50
17/06/2011,17:00:00,10.00
17/06/2011,18:00:00,10.00
17/06/2011,19:00:00,10.00
17/06/2011,20:00:00,10.25
17/06/2011,21:00:00,8.25
17/06/2011,22:00:00,5.75
17/06/2011,23:00:00,4.00
18/06/2011,00:00:00,4.00
18/06/2011,01:00:00,4.75
18/06/2011,02:00:00,7.25
18/06/2011,03:00:00,5.75
18/06/2011,04:00:00,6.25
18/06/2011,05:00:00,4.00
18/06/2011,06:00:00,6.50
18/06/2011,07:00:00,9.50
18/06/2011,08:00:00,10.50
18/06/2011,09:00:00,16.25
18/06/2011,10:00:00,33.00
18/06/2011,11:00:00,41.25
18/06/2011,12:00:00,47.25
18/06/2011,13:00:00,55.25
18/06/2011,14:00:00,61.25
18/06/2011,15:00:00,63.25
18/06/2011,16:00:00,58.00
18/06/2011,17:00:00,43.75
18/06/2011,18:00:00,31.75
18/06/2011,19:00:00,19.00
18/06/2011,20:00:00,19.50
18/06/2011,21:00:00,20.25
18/06/2011,22:00:00,21.25
18/06/2011,23:00:00,21.25
19/06/2011,00:00:00,21.25
19/06/2011,01:00:00,19.75
19/06/2011,02:00:00,18.00
19/06/2011,03:00:00,19.00
19/06/2011,04:00:00,19.75
19/06/2011,05:00:00,19.00
19/06/2011,06:00:00,21.25
19/06/2011,07:00:00,21.50
19/06/2011,08:00:00,21.75
19/06/2011,09:00:00,18.50
19/06/2011,10:00:00,18.75
19/06/2011,11:00:00,19.00
19/06/2011,12:00:00,23.00
19/06/2011,13:00:00,32.25
19/06/2011,14:00:00,46.00
19/06/2011,15:00:00,65.75
19/06/2011,16:00:00,49.00
19/06/2011,17:00:00,19.00
19/06/2011,18:00:00,17.25
19/06/2011,19:00:00,9.75
19/06/2011,20:00:00,10.00
19/06/2011,21:00:00,9.75
19/06/2011,22:00:00,12.25
19/06/2011,23:00:00,12.50
20/06/2011,00:00:00,11.25
20/06/2011,01:00:00,8.75
20/06/2011,02:00:00,5.75
20/06/2011,03:00:00,7.50
20/06/2011,04:00:00,10.75
20/06/2011,05:00:00,13.00
20/06/2011,06:00:00,11.25
20/06/2011,07:00:00,4.75
20/06/2011,08:00:00,7.25
20/06/2011,09:00:00,26.50
20/06/2011,10:00:00,33.25
20/06/2011,11:00:00,33.50
20/06/2011,12:00:00,24.75
20/06/2011,13:00:00,33.00
20/06/2011,14:00:00,49.25
20/06/2011,15:00:00,62.00
20/06/2011,16:00:00,67.50
20/06/2011,17:00:00,70.50
20/06/2011,18:00:00,59.75
20/06/2011,19:00:00,36.75
20/06/2011,20:00:00,28.00
20/06/2011,21:00:00,20.25
20/06/2011,22:00:00,16.75
20/06/2011,23:00:00,14.50
21/06/2011,00:00:00,17.25
21/06/2011,01:00:00,13.00
21/06/2011,02:00:00,14.00
21/06/2011,03:00:00,10.00
21/06/2011,04:00:00,9.75
21/06/2011,05:00:00,9.50
21/06/2011,06:00:00,8.75
21/06/2011,07:00:00,10.25
21/06/2011,08:00:00,14.75
21/06/2011,09:00:00,20.00
21/06/2011,10:00:00,32.75
21/06/2011,11:00:00,39.75
21/06/2011,12:00:00,28.25
21/06/2011,13:00:00,42.75
21/06/2011,14:00:00,71.25
21/06/2011,15:00:00,58.75
21/06/2011,16:00:00,102.75
21/06/2011,17:00:00,101.00
21/06/2011,18:00:00,94.25
21/06/2011,19:00:00,33.50
21/06/2011,20:00:00,16.50
21/06/2011,21:00:00,12.25
21/06/2011,22:00:00,12.25
21/06/2011,23:00:00,11.50
22/06/2011,00:00:00,12.00
22/06/2011,01:00:00,13.75
22/06/2011,02:00:00,14.50
22/06/2011,03:00:00,14.00
22/06/2011,04:00:00,14.50
22/06/2011,05:00:00,12.75
22/06/2011,06:00:00,13.75
22/06/2011,07:00:00,12.75
22/06/2011,08:00:00,14.00
22/06/2011,09:00:00,20.50
22/06/2011,10:00:00,26.00
22/06/2011,11:00:00,29.50
22/06/2011,12:00:00,31.75
22/06/2011,13:00:00,44.25
22/06/2011,14:00:00,44.00
22/06/2011,15:00:00,43.50
22/06/2011,16:00:00,40.50
22/06/2011,17:00:00,43.50
22/06/2011,18:00:00,41.25
22/06/2011,19:00:00,22.00
22/06/2011,20:00:00,20.00
22/06/2011,21:00:00,23.00
22/06/2011,22:00:00,21.75
22/06/2011,23:00:00,20.25
23/06/2011,00:00:00,17.00
23/06/2011,01:00:00,14.50
23/06/2011,02:00:00,15.00
23/06/2011,03:00:00,14.50
23/06/2011,04:00:00,13.75
23/06/2011,05:00:00,14.50
23/06/2011,06:00:00,12.50
23/06/2011,07:00:00,14.00
23/06/2011,08:00:00,18.75
23/06/2011,09:00:00,26.25
23/06/2011,10:00:00,29.00
23/06/2011,11:00:00,27.50
23/06/2011,12:00:00,55.50
23/06/2011,13:00:00,52.25
23/06/2011,14:00:00,49.50
23/06/2011,15:00:00,41.00
23/06/2011,16:00:00,55.00
23/06/2011,17:00:00,47.00
23/06/2011,18:00:00,39.25
23/06/2011,19:00:00,30.25
23/06/2011,20:00:00,89.00
23/06/2011,21:00:00,64.25
23/06/2011,22:00:00,19.25
23/06/2011,23:00:00,11.25
24/06/2011,00:00:00,14.25
24/06/2011,01:00:00,6.50
24/06/2011,02:00:00,80.25
24/06/2011,03:00:00,11.25
24/06/2011,04:00:00,24.25
24/06/2011,05:00:00,14.00
24/06/2011,06:00:00,30.25
24/06/2011,07:00:00,9.25
24/06/2011,08:00:00,8.50
24/06/2011,09:00:00,41.25
24/06/2011,10:00:00,87.25
24/06/2011,11:00:00,34.25
24/06/2011,12:00:00,29.25
24/06/2011,13:00:00,43.75
24/06/2011,14:00:00,37.00
24/06/2011,15:00:00,86.75
24/06/2011,16:00:00,71.25
24/06/2011,17:00:00,82.25
24/06/2011,18:00:00,65.00
24/06/2011,19:00:00,54.00
24/06/2011,20:00:00,60.75
24/06/2011,21:00:00,75.25
24/06/2011,22:00:00,69.00
24/06/2011,23:00:00,58.25
25/06/2011,00:00:00,43.50
25/06/2011,01:00:00,29.00
25/06/2011,02:00:00,18.50
25/06/2011,03:00:00,18.00
25/06/2011,04:00:00,18.25
25/06/2011,05:00:00,37.25
25/06/2011,06:00:00,6.75
25/06/2011,07:00:00,9.25
25/06/2011,08:00:00,11.50
25/06/2011,09:00:00,12.75
25/06/2011,10:00:00,15.00
25/06/2011,11:00:00,19.00
25/06/2011,12:00:00,21.50
25/06/2011,13:00:00,18.25
25/06/2011,14:00:00,23.00
25/06/2011,15:00:00,20.75
25/06/2011,16:00:00,18.75
25/06/2011,17:00:00,22.00
25/06/2011,18:00:00,20.50
25/06/2011,19:00:00,64.00
25/06/2011,20:00:00,36.33
25/06/2011,21:00:00,4.00
25/06/2011,22:00:00,5.25
25/06/2011,23:00:00,11.75
26/06/2011,00:00:00,8.50
26/06/2011,01:00:00,12.50
26/06/2011,02:00:00,12.75
26/06/2011,03:00:00,13.50
26/06/2011,04:00:00,11.25
26/06/2011,05:00:00,11.25
26/06/2011,06:00:00,15.25
26/06/2011,07:00:00,12.00
